Kingdom	Supergroup	Division	Class	Order	Family	Genus	Species	Kingdom_boot	Supergroup_boot	Division_boot	Class_boot	Order_boot	Family_boot	Genus_boot	Species_boot	OTUNumber	sequence	BL040126	BL040419	BL040719	BL041019	BL050120	BL050413	BL050705	BL051004
Eukaryota	Alveolata	Dinoflagellata	Syndiniales	Dino-Group-II	Dino-Group-II-Clade-10-and-11	Dino-Group-II-Clade-10-and-11_X	Dino-Group-II-Clade-10-and-11_X_sp.	100	39	38	38	38	38	38	38	OTU_00003	AAGTTGCTGCGGTTAAAAAGCTCGTAGTTTGATATCTGTCAATGCTTTTCGGTCTGCTCTTTGAGATGGATTATGCATTCGCTTTGGCATCTACGCGTGAATCGGTGCTGTGCTTGATTGCATGGCTCTGTACTCGCGTCTTTTACTTTGAAGAAAATAGGGTGTTCACAGTAGGCAATTGTCTTGTATATATTAGCATGGGATAATAATCTAGGGTTTCGTGCTCTTTCAGGTGGCTCGAAGAGTGGAAGCAATGGTTAATAGGGGCTGTTGGGGGTCTTCGGATTATCGCGTCAGAGGTGGAATTCTTAGATTGCGCTACGACGCACGAATGCGA	0	13183	0	0	82	0	0	9183
Eukaryota	Archaeplastida	Rhodophyta	Compsopogonophyceae	Erythropeltidales	Erythropeltidales_X	Madagascaria	Madagascaria_erythrocladioides	100	18	16	15	15	15	12	12	OTU_00060	AAGTTGTTGCAGTTAAAAAGCTCGTAGTCGAATGTAGGTTTTGTTACTACGCGATCTCTTGGGTGTAACTTGAGTGGACTGCGTGTAACAACCTTCCCGGATATAACAGAGGTAGTCTGGGTAATCTCAGGTTATGTCTTGTTATATGCATTACTGTGAACAAAATAGAGTGTTCATGGCAGGCCAATTTAGGCTTGGATACCTCAGCATGGAATAATAGAATAGGACTTCTGGTTCTATTTTGTTGGTTTTTGGAGCCGAAGTAATGATTAATAGGGATAGTTGGGGGCACTCGTACTCCGTTGTCAGAGGTGAAATTCTTGGATTGACGGAAGACGAACAACTGCGA	798	921	185	56	199	0	0	0
Eukaryota	Archaeplastida	Rhodophyta	Compsopogonophyceae	Erythropeltidales	Erythropeltidales_X	Chlidophyllon	Chlidophyllon_kaspar	100	26	25	7	7	7	0	0	OTU_00097	AAGTTGTTGCAGTTAAAAAGCTCGTAGTCGAATGTAGATTGTACAGGTGCGCGGACGTTTAGGTGTATAACTTATATTGTCTGTACGCCACAATCACCCTTATGTAGTACGGTTGTTTTGGTTTCCAGAACAAATTTACCGACTACATACATTACTGTGAACAAAATAGAGTGTTCATGGCAGGCCAATTAGGCTTGAATACCTCAGCATGGAATAATAGAATAGGACTTCTGGTTCTATTTTGTTGGTTTTTGGAGCCGAAGTAATGATTAATAGGGATAGTTGGGGGCACTCGTACTCCGTTGTCAGAGGTGAAATTCTTGGATTGACGGAAGACGAACAACTGCGA	1051	0	0	0	297	0	0	0
Eukaryota	Alveolata	Dinoflagellata	Syndiniales	Dino-Group-II	Dino-Group-II-Clade-10-and-11	Dino-Group-II-Clade-10-and-11_X	Dino-Group-II-Clade-10-and-11_X_sp.	100	22	21	21	21	20	20	20	OTU_00148	AAGTTGCTGCGGTTAAAAAGCTCGTAGTTTGATATCTGTCAATGCTTTTCGGTCTGCTCTTTGAGATGGATTATGCATTCGCTTTGGCATCTACGCGTGAATCGGTGCTGTGCTTGATTGCATGGCTCTGTACTCGCGTCTTTTACTTTGAAGAAAATAGGGTGTTCACAGTAGGCAATTGTCTTGTATATATTAGCATGGGATCATAATCTAGGGTTTCGTGCTCTTTCAGGTGGCTCGAAGAGTGGAAGCAATGGTTAATAGGGGCTGTTGGGGGTCTTCGGATTATCGCGTCAGAGGTGGAATTCTTAGATTGCGCTACGACGCACGAATGCGA	0	663	0	0	0	0	0	187
Eukaryota	Archaeplastida	Rhodophyta	Compsopogonophyceae	Erythropeltidales	Erythropeltidales_X	Rhodochaete	Rhodochaete_parvula	100	35	30	23	22	22	15	15	OTU_00163	AAGTTGTTGCAGTTAAAAAGCTCGTAGTCGAATATAGGTTGTTTGGATGCGCGAGCACTCTTGTTTAACTTGAGATGCTTGCGCCCATTAGCCGCCCTTGTGGGGCTCGATGTTCTTGATTATCAAGAATACTCAATCGATCCCACACATTACTGTGAACAAAATAGAGTGTTCATGGCAGGCCATTAGGGCTTGAATACCGCAGCATGGAATAATAGAATAGGACTTCCGGTTCTATTTTATTGGTTTTTGGAGCCGAAGTAATGATTAATAGGGATAGTTGGGGGCACTCGTACTCCGTTGTCAGAGGTGAAATTCTTGGATTGACGGAAGACGAACAACTGCGA	476	0	0	0	294	0	0	0
Eukaryota	Opisthokonta	Fungi	Chytridiomycota	Chytridiomycotina	Chytridiomycetes	Synchytrium	Synchytrium_macrosporum	100	71	61	33	33	30	21	15	OTU_00174	AAGTTGTTGCAGTTAAAAAGCTCGTAGTCGAACTTTGGGTGAAGCTACCTGGTCGGTCAATTTGGCTGTACTAGAGTGCGGATCCTTTTTCCTGGGGGACTATTGCTTTGCGATAGGATTCCAGGGTTTTACTTTGAAGAAATTAGAGTGTTTAAGGCAGGCATGTGCTTGAATACATTAGCATGGAATAATAGAATAGGACTTTGGTTTTATTTTGTTGGTTTTAAAGACCAAAGTAATGATTAATAGGGATAGTTGGGGGCATTAGTATTCAAGAGTCAGAGGTGAAATTCTTGGATTTCTTGAAGACTAACTACTGCGA	0	0	0	0	0	0	0	698
Eukaryota	Hacrobia	Cryptophyta	Cryptophyceae	Cryptomonadales	Cryptomonadales_X	Teleaulax	Teleaulax_sp.	100	34	33	33	33	32	32	32	OTU_00181	AAGTTGTTGCAGTTAAAAAGCTCGTAGTCGAATGAAGGTTTCTTGTATAGCGCGGACGTCTAGGTGTAACTTAGATTAGTTTGCGCACAAAAACCTCCCTTGTGTGTTTCAGAGGAGCAAATATTTATTTATTTTGATCCATTTGAGACACATACATTACTGTGAACAAAATAGAGTGTTCATGGCAGGTCAATTTAGGCTTGAATACCTCAGCATGGAATAATAGAATAGGACTTCCGGTTCTATTTTGTTGGTTTTTGGAGCCGAAGTAATGATTAATAGGGATAGTTGGGGGCACTCGTACTCCGTTGTCAGAGGTGAAATTCTAGGATTGACGGAAGACGAACAACTGCGA	363	0	0	0	226	0	0	65
Eukaryota	Archaeplastida	Rhodophyta	Compsopogonophyceae	Erythropeltidales	Erythropeltidales_X	Rhodochaete	Rhodochaete_parvula	100	32	26	17	17	17	13	13	OTU_00205	AAGTTGTTGCAGTTAAAAAGCTCGTAGTCGAATATAGGTTGTTTGGATGCGCGAGCACTCTTGTTTAACTTGAGATGCTTGCGCCCATTAGCCGCCCTTGTGGAGCTCGATGTTCTTGATTATCAAGAACACTCAATCGATCCCACACATTACTGTGAACAAAATAGAGTGTTCATGGCAGGCCATTAGGGCTTGAATACCGCAGCATGGAATAATAGAATAGGACTTCCGGTTCTATTTTATTGGTTTTTGGAGCCGAAGTAATGATTAATAGGGATAGTTGGGGGCACTCGTACTCCGTTGTCAGAGGTGAAATTCTTGGATTGACGGAAGACGAACAACTGCGA	352	0	0	0	218	0	0	0
Eukaryota	Archaeplastida	Rhodophyta	Compsopogonophyceae	Erythropeltidales	Erythropeltidales_X	Madagascaria	Madagascaria_erythrocladioides	100	20	19	16	16	16	9	9	OTU_00236	AAGTTGTTGCAGTTAAAAAGCTCGTAGTCGAATGTAGGTTTTGATACTACGCGGTCTCTTGGGTGTAACTTGAGTGGACTGCGTGTAACAACCTTCCCGGATATAACAGAGGTAGTCTGGGTAATCTCAGGTTATGTCTTGTTATATGCATTACTGTGAACAAAATAGAGTGTTCATGGCAGGCCAATTTAGGCTTGGATATCTCAGCATGGAATAATAGAATAGGACTTCTGGTTCTATTTTGTTGGTTTTTGGAGCCGAAGTAATGATTAATAGGGATAGTTGGGGGCACTCGTACTCCGTTGTCAGAGGTGAAATTCTTGGATTGACGGAAGACGAACAACTGCGA	355	0	0	0	117	0	0	0
Eukaryota	Stramenopiles	Opalozoa	Bicoecea	Bicoecea_X	Bicoecea_XX	Bicoecea_XXX	Bicoecea_XXX_sp.	100	53	35	35	25	25	25	25	OTU_00243	AAGTTGTTGCAGTTAAAAAGCTCGTAGTTGAATTTCTGGAGGGCACGTTGGGACCGCTTGATTGCGCGTCCTTGACGAACTCTCCATCCTTGCAGGGAGTGCGTCGGCCTTCATTGGTTCGGCGTATCAACCTGCATCCTTTACTGTGAAAAAATTAGAGTGTTTAAAGCAGGCGATCGCTTGAATACATTAGCATGGAATAATAAGATAGGACTTTGGTCTATTTTGTTGGTTGCGGCCCAAGGTAATGATTAATAGGGATGATTGGGGACATTCATATTGAGGTGGAAGAGGTGAAATTCTTGGATTTCCTCAAGATGAACTGCTGCGA	0	0	452	0	0	0	0	0
Eukaryota	Excavata	Metamonada	Preaxostyla	Oxymonadida	Polymastigidae	Monocercomonoides	Monocercomonoides_sp.	100	3	0	0	0	0	0	0	OTU_00266	AAGTTGCTGCGGTTAAAAAGCTCGTAGTTGGATATCTGCCAATGCGGTTCGGTCTGCTCTTTGAGATGGATTATGCATTAGCTTTGGCATCTACGTGCGCGGCGGTACTGTGCTTGATTGCATGGTTCGCCCTTCGCGTCTTTTACTTTGAAGAAAATAGAGTGCTCACAGTAGGCAATAGTCTTGTATATATTAGCATGGGATAATGATCTAGGGCTTGCTGCTCTTTTAGGTGGCTCGGAGAGTGTAAGCAATGGTTAATAGGGGCTGTTGGGGGTCTTCGTATTATCGCGTCAGAGGTGGAATTCTTAGACTGCGCTACGACGCACGAATGCGA	32	0	0	0	365	0	0	0
Eukaryota	Archaeplastida	Rhodophyta	Stylonematophyceae	Porphyridiales-2	Stylonematales-Group-I	Rhodospora	Rhodospora_sordida	100	12	7	4	4	3	2	2	OTU_00284	AAGTTGTTGCAGTTAAAAAGCTCGTAGTCGAATGAAGGTTTTTTGGATAGCGCGGACTCTTAGGTGTAACCTAAGAAAGTCTGCGCCCAATAACCTCCCTGTTGTAATACAATGCATCAAATCTTTTTAAGATTTGAGAAAAAAAAATTGTTTTACAAACATTACTGTGAACAAAATAGAGTGTTCATGGCAGGCCATTTGGGCTTGGATACCTCAGCATGGAATAATAGAATAGGACTTCTGGTTCTATTTTGTTGGTTTTTGGAGCCGAAGTAATGATTAATAGGGATAGTTGGGGGCATTCGTACTCCGTTGTCAGAGGTGAAATTCTAGGATTGACGGAAGACGAACAACTGCGA	100	20	168	0	43	0	36	0
Eukaryota	Alveolata	Dinoflagellata	Syndiniales	Dino-Group-II	Dino-Group-II-Clade-10-and-11	Dino-Group-II-Clade-10-and-11_X	Dino-Group-II-Clade-10-and-11_X_sp.	100	45	41	40	40	40	40	40	OTU_00288	AAGTTGCTGCGGTTAAAAAGCTCGTAGTTTGATATCTGTCAATGCTTTTCGGTCTGCTCTTTGAGATGGATTATGCATTCGCTTTGGCATCTACGCGTGAATCGGTGCTGTGCTTGATTGCATGGCTCTGTACTCGCGTCTTTTACTTTGAAGAAAATAGGGTGTTCACAGTAGGCAATTGTCTTGTATATATTAGCATGGGATAATAATCTGTTGGGTGTCTTCGGATTATCGCGTCAGAGGTGGAATTCTTAGATTGCGCTACGACGCACGAATGCGA	0	0	0	0	0	0	0	362
Eukaryota	Alveolata	Dinoflagellata	Dinophyceae	Dinophyceae_X	Dinophyceae_XX	Dinophyceae_XXX	Dinophyceae_XXX_sp.	100	47	47	47	35	35	34	34	OTU_00318	AAGTTGTTGCGGTTAAAAAGCTCGTCGTTGGATTTCTGTTGAGGTCGAACAGTGCCGCCCTATGGGTGCGCAACTGGCTCGGCTTCGGCATCTTCTTGGAGAGCGCATCTGCACTTAACTGTGTGGATCGTACTTCAAGTCAGTTACTTTGAGGAATTGTGAGTGTTTCAAGCAGGCTTACGCCGTTGAATCCGTTAGCATGGAATAATAGAATAGGACCTCGGTTCTATTTTGTTGGTTTTGAGAGCTGGGGCAGCGATTGATAGGGACGGATGGGGGCGTCCGAACTTTACTGTCAGAGGTGAAATTCTTAGATCGGTCAAAGGCGAACTACTGCGAACG	0	6	158	80	70	0	13	0
Eukaryota	Archaeplastida	Rhodophyta	Compsopogonophyceae	Erythropeltidales	Erythropeltidales_X	Rhodochaete	Rhodochaete_parvula	100	40	29	17	17	17	14	14	OTU_00321	AAGTTGTTGCAGTTAAAAAGCTCGTAGTCGAATATAGGTTGTTTGGATGCGCGAACACTCTTGTTTAACTTGAGATGCTTGCGCCCATTAGCCGCCCTTGTGGGGCTCGATGTTCTTGATTATCAAGAACACTCAATCGATCCCACACATTACTGTGAACAAAATAGAGTGTTCATGGCAGGCCATTAGGGCTTGAATACCGCAGCATGGAATAATAGAATAGGACTTCCGGTTCTATTTTATTGGTTTTTGGAGCCGAAGTAATGATTAATAGGGATAGTTGGGGGCACTCGTACTCCGTTGTCAGAGGTGAAATTCTTGGATTGACGGAAGACGAACAACTGCGA	248	0	0	0	75	0	0	0
Eukaryota	Archaeplastida	Rhodophyta	Compsopogonophyceae	Erythropeltidales	Erythropeltidales_X	Pyrophyllon	Pyrophyllon_cameronii	100	20	16	8	8	8	3	3	OTU_00336	AAGTTGTTGCAGTTAAAAAGCTCGTAGTCGAATGTAGATTGTACAGGTGTGCGGACATTTAGGTGTATAACTTAAGTCGTCTGTACGCCACAATCACCCTTATGTAGCACGGTTGTTCTGGTTTCCAGGACAGATTTACCGACTACATACATTACTGTGAACAAAATAGAGTGTTCATGGCAGGCCAATTAGGCTTGAATACCTCAGCATGGAATAATAGAATAGGACTTCTGGTTCTATTTTGTTGGTTTTTGGAGCCGAAGTAATGATTAATAGGGATAGTTGGGGGCACTCGTACTCCGTTGTCAGAGGTGAAATTCTTGGATTGACGGAAGACGAACAACTGCGA	200	0	0	0	64	0	0	44
Eukaryota	Rhizaria	Foraminifera	Monothalamids	Monothalamids_Clade-C	Monothalamids_Clade-C_X	Shinkaiya	Shinkaiya_lindsayi	100	22	21	17	13	13	13	13	OTU_00351	GAATTGTTGTAGTTAAAACGCTCGTAGTTGGATTTTGTAAGAGTTTTGTGTGTGTAGGTTGCGTATATATTCGTATATTCGTGATTCTTCATGCCACTTTTATACTGATTGTGGATAATTTTCGGATTATTTGCAATATTACTGTGAGAAAAAGAGTGCGCTTAAGGGCGGCTTTATGCTAAGATCATTTAGCATGGAATAAACATAACGGACTTTGGTTTTGTTATGTGTTGGTTCAATATCAAGTCATGATTGATAAGGATGGTTTGGGGATGTTCGTATTTATACTCGAGGGGTGAAATCTTTTGACAGTATAAGGACGATCTTTAGCAAAAG	0	0	0	0	0	288	0	0
Eukaryota	Alveolata	Dinoflagellata	Syndiniales	Dino-Group-II	Dino-Group-II-Clade-10-and-11	Dino-Group-II-Clade-10-and-11_X	Dino-Group-II-Clade-10-and-11_X_sp.	100	40	40	40	40	39	39	39	OTU_00361	AAGTTGCTGCGGTTAAAAAGCTCGTAGTTTGATATCTGTCAATGCTTTTCGGTCTGCTCTTTGAGATGGATTATGCATTCGCTTTGGCATCTACGCGTGAATCGGTGCTGTGCTTGATTGCATGGCTCTGTACTCGCGTCTTTTACTTTGAAGAAAATAGGGTGTTCACAGTAGGCAATTGTCTTGTATATATTAGCATGGGATAATAATCTAGGGTTTCGTGCTCTTTCAGGTGGCTCGAAGAGTGGAAGCAATGGTTAATAGGTGCTGTTGGGGGTCTTCGGATTATCGCGTCAGAGGTGGAATTCTTAGATTGCGCTACGACGCACGAATGCGA	0	0	0	0	0	0	0	279
Eukaryota	Hacrobia	Cryptophyta	Cryptophyceae	Cryptomonadales	Cryptomonadales_X	Teleaulax	Teleaulax_sp.	100	29	29	29	29	29	29	29	OTU_00400	AAGTTGTTGCAGTTAAAAAGCTCGTAGTCGAATGAAGGTTTCTTGTATAGCGCGGACGTCTAGGTGTAACTTAGATTAGTTTGCGCACAAGAACCTCCCTTGTGTGTCTCAGAGGAGCAAATATTTATTTATTTTGATCCATTTGCGACACACACATTACTGTGAACAAAATAGAGTGTTCATGGCAGGTCAATTTAGGCTTGAATACCTCAGCATGGAATAATAGAATAGGACTTCCGGTTCTATTTTGTTGGTTTTTGGAGCCGAAGTAATGATTAATAGGGATAGTTGGGGGCACTCGTACTCCGTTGTCAGAGGTGAAATTCTAGGATTGACGGAAGACGAACAACTGCGA	58	0	0	0	120	0	0	71
Eukaryota	Alveolata	Ciliophora	Phyllopharyngea	Cyrtophoria_1	Pithitidae	Pithites	Pithites_vorax	100	71	68	28	20	19	19	19	OTU_00422	ATGTTGTTGCAGTTAAAAAGCTCGTAGTCGAATTTCTGGCCGGACAACGACGATATACCGATCTGCGTCTAGGTCATCCTCCCATGAAAGCATGTGGACCTTCACTGGCTCCCGTGTTGAATTGGGAACTTTACTTTGAGAAAATTAGAGTGTTTCAGGCAGGCTTTCGCTTGAATACTACAGCATGGAATAATGGAATATGTCTCAAATTACTTCTTGGTTCGTTATTTGAGAAATGATTAATAGGAACAGTTGGGGGCATTTGTACTTGCCAGTCAGAGGTGAAATTCTTCGATTTGGCAAAGACAAACTAATGCGA	0	0	0	0	0	0	0	231
Eukaryota	Alveolata	Dinoflagellata	Syndiniales	Dino-Group-II	Dino-Group-II-Clade-10-and-11	Dino-Group-II-Clade-10-and-11_X	Dino-Group-II-Clade-10-and-11_X_sp.	100	38	35	35	35	34	34	34	OTU_00426	AAGTTGCTGCGGTTAAAAAGCTCGTAGTTTGATATCTGTCAATGCTTTTCGGTCTGCTCTTTGAGATGGATTATGCATTCGCTTTGGCATCTACGCGTGAATCGGTGCTGTGCTTGATTGCGTGGCTCTGTACTCGCGTCTTTTACTTTGAAGAAAATAGGGTGTTCACAGTAGGCAATTGTCTTGTATATATTAGCATGGGATAATAATCTAGGGTTTCGTGCTCTTTCAGGTGGCTCGAAGAGTGGAAGCAATGGTTAATAGGGGCTGTTGGGGGTCTTCGGATTATCGCGTCAGAGGTGGAATTCTTAGATTGCGCTACGACGCACGAATGCGA	0	226	0	0	0	0	0	0
Eukaryota	Archaeplastida	Rhodophyta	Compsopogonophyceae	Erythropeltidales	Erythropeltidales_X	Rhodochaete	Rhodochaete_parvula	100	26	19	14	14	14	9	9	OTU_00441	AAGTTGTTGCAGTTAAAAAGCTCGTAGTCGAATATAGGTTGTTTGGATGCGCGAGCACTCTTGTTTAACTTGAGATGCTTGCGCCCATTAGCCGCCCTTGTGGGTCTCGATGTTCTTGATTATCAAGAATACTCAATCGATCCCACACATTACTGTGAACAAAATAGAGTGTTCATGGCAGGCCATTAGGGCTTGAATACCGCAGCATGGAATAATAGAATAGGACTTCCGGTTCTATTTTATTGGTTTTTGGAGCCGAAGTAATGATTAATAGGGATAGTTGGGGGCACTCGTACTCCGTTGTCAGAGGTGAAATTCTTGGATTGACGGAAGACGAACAACTGCGA	217	0	0	0	0	0	0	0
Eukaryota	Alveolata	Dinoflagellata	Syndiniales	Dino-Group-II	Dino-Group-II-Clade-10-and-11	Dino-Group-II-Clade-10-and-11_X	Dino-Group-II-Clade-10-and-11_X_sp.	100	28	26	26	26	26	26	26	OTU_00487	AAGTTGCTGCGGTTAAAAAGCTCGTAGTTTGATATCTGCCAATGCTTTTCGGTCTGCTCTTTGAGATGGATTATGCATTCGCTTTGGCATCTACGCGTGAATCGGTGCTGTGCTTGATTGCATGGTTCTGTACTCGCGTCTTTTACTTTGAAGAAAATAGAGTGCTCACAGTAGGCAATTGTCTTGTATATATTAGCATGGAATAATAATCTAGGGTCTCGTGCTCTTTCAGGTGGCTCGGAGAGTGGAAGCAATGGTTAATAGGGGCTGTTGGGGGTCTTCGGATTATCGCGTCAGAGGTGGAATTCTTAGATTGCGCTACGACGCACGAATGCGA	155	0	0	0	35	0	0	0
Eukaryota	Excavata	Metamonada	Preaxostyla	Oxymonadida	Polymastigidae	Monocercomonoides	Monocercomonoides_sp.	100	10	6	6	6	4	4	4	OTU_00489	AAGTTGTTGCGGTTAAAAAGCTCGTAGTTGACATCTTACTGAAACAAGCTTTTCATTTCGATGACTTTGAAACTGTTCTTGTTTCGTAATAACTTTATGAATTAGTGTTGGATTTGATTATTCGACATGACTCTAAGTTTTACCTTGAAGAAATTAGAATGCTTAAATTAGGTTTATGTAATGAATACTTTAGCATGGAATAACAACATTGAATTTGGAAAGATTCCGTTGGTTCATCATTCCAATGTAACGATTAATAGGAATAGTTAGGGGTACTCGTATTTGATTGTCAGAGGTGAAATTCTTGGATTAATCAAAGACTGTCTAGAGCG	0	0	0	0	190	0	0	0
Eukaryota	Alveolata	Dinoflagellata	Syndiniales	Dino-Group-II	Dino-Group-II-Clade-10-and-11	Dino-Group-II-Clade-10-and-11_X	Dino-Group-II-Clade-10-and-11_X_sp.	100	33	33	33	33	33	33	33	OTU_00509	AAGTTGCTGCGGTTAAAAAGCTCGTAGTTTGATATCTGTCAATGCTTTTCGGTCTGCTCTTTGAGATGGATTATGCATTCGCTTTGGCATCTACGCGTGAATCGGTGCTGTGCTTGATTGCATGGCTCTGTACTCGCGTCTTTTACTTTGAAGAAAATAGGGTGTTCACAGTAGGCAATTGTCTTGTATATATTAGCATGGGATAATAATCTAGGGTTTCGTGCTCTTTCAGGTGGCTCGAAGAGTGGAAGCAATAGTTAATAGGGGCTGTTGGGGGTCTTCGGATTATCGCGTCAGAGGTGGAATTCTTAGATTGCGCTACGACGCACGAATGCGA	0	0	0	0	0	0	0	179
Eukaryota	Stramenopiles	Ochrophyta	Bacillariophyta	Bacillariophyta_X	Polar-centric-Mediophyceae	Cymatosira	Cymatosira_belgica	100	57	26	18	18	7	3	3	OTU_00544	AAGTTGTTGCAGTTAAAAAGCTCGTAGTTGGATTTCTGTCATGTCTTTCTTCCCTCCTTGCTAGCCAAGTGTTAGTGTTGGGTTTGATTGGATGACATCTTCGCCCACCAATTTGCTAGCTGATGCATTGATTTGCATTGTTGGTAAATGGGCGTCATTTACTGTGAAAAAATTAGAGTGTTCAAAGCAAGTATTAATTTCTTGAATACATTAGCATGGAATAATAAGATAGGACTTTGGTAATATTTTGTTGGTTTGCATATCAAAGTAATGATTAATAGGAACATATTGGGGATATCCGTATTTTTTAGTCAGAGGTGAAATTCTTGGATTTAAGAAAGACGAACTACAGCGA	163	0	0	0	0	0	0	0
Eukaryota	Opisthokonta	Fungi	Ascomycota	Pezizomycotina	Lecanoromycetes	Physconia	Physconia_enteroxantha	100	59	23	15	12	7	6	6	OTU_00562	AAGTTGTTGCAGTTAAAAAGCTCGTAGTTGGATCTTTGGATGAGATGAACTCGCCCCGCCGGGATGGTGAGGGCGGGTTTGTCCATTCTTCCCTTCTGGATATCCCCCGTTGTTCTTAATTGGGCGGCGGGAGCGGGCCGTGTGTAAGTTCGCGCGGCCTGGGTTCCAGATCGTTTACTGTGAGGAAATTAGAGTGTTCAAAGCAGGCGTTTTTGCCTTGAATACTACAGCATGGGATAATAGAATAGGACTCTGTTTCTATTTTGTTGGTTTATAGAGCCAGAGTAATGATAAATAGGGATAGTTGGGGGCATTTGTATTCAATTGTCAGAGGTGAAATTCTAGGATTTATTGAAGACAAACTACTGCGA	0	0	157	0	0	0	0	0
Eukaryota	Alveolata	Dinoflagellata	Syndiniales	Dino-Group-II	Dino-Group-II-Clade-10-and-11	Dino-Group-II-Clade-10-and-11_X	Dino-Group-II-Clade-10-and-11_X_sp.	100	44	39	38	38	38	38	38	OTU_00571	AAGTTGCTGCGGTTAAAAAGCTCGTAGTTTGATATCTGTCAATGCTCTTCGGTCTGCTCTTTGAGATGGATTATGCATTCGCTTTGGCATCTACGCGTGAATCGGTGCTGTGCTTGATTGCATGGCTCTGTACTCGCGTCTTTTACTTTGAAGAAAATAGGGTGTTCACAGTAGGCAATTGTCTTGTATATATTAGCATGGGATAATAATCTAGGGTTTCGTGCTCTTTCAGGTGGCTCGAAGAGTGGAAGCAATGGTTAATAGGGGCTGTTGGGGGTCTTCGGATTATCGCGTCAGAGGTGGAATTCTTAGATTGCGCTACGACGCACGAATGCGA	0	0	0	0	0	0	0	154
Eukaryota	Alveolata	Dinoflagellata	Dinophyceae	Gymnodiniales	Gymnodiniaceae	Apicoporus	Apicoporus_glaber	100	60	55	53	10	10	5	5	OTU_00573	AAGTTGTTGCGGTTAAAAAGCTCGTAGTTGGACTTGTACGAAGGTTCGTTGGTCCGCCCTTTGGGTGTGTACTTTACGATGTCCGTCGTCTCTCTGGAGAACGTTGCCATGCTCACGCGTGGTGCGGTATCCGGAGCATTTACTTTGAGGAAATTAGAGTGTTCTCGGCAGGCATTTGCCTTGAATATGTTAGCATGGAATAATGCGAAAAGGCCTCGGTTTTTCTTGTTGGTTTCTAACCCCGAGGTGATGATTAATATGAGCTGTTGGGGGCATCTGTATTTAACTGTCAGAGGTGAAATTCTTGGATTTGTTAAGGACAGACTAGTGCGAAAG	153	0	0	0	0	0	0	0
Eukaryota	Amoebozoa	Conosa	Archamoebea	Mastigamoebida	Mastigamoebidae	Mastigamoeba	Mastigamoeba_simplex	100	34	28	24	19	19	19	19	OTU_00574	AAGTTGTTGCGGTTAAAAAGATCGTAGTTGACATCTTACTGAAATCTGCTTTTCATTTCGATGACTTTGAATTAGCTTTAATTTCGTAATAACTTCATGTATTTGTGTTGAATTTGAATATTTGACTCGGATCTAAGTTTTACCTTGAAGAAATTAGAATGCTTAAATTAGATGAATGTAATGAATACTTGAGCATGGAATAATAAAATTGAATTTGGAAAGATTTCGTTGGTACATCATTCCAATGTAACGATTAATAGGAATAGTTAGGGGTACTCGTATTTGATTGTCAGAGGTGAAATTCTTGGATTAATCAAAGACTATCTAGAGCG	0	0	0	0	153	0	0	0
Eukaryota	Opisthokonta	Metazoa	Ctenophora	Ctenophora_X	Ctenophora_XX	Cestum	Cestum_veneris	100	52	29	16	16	16	2	2	OTU_00578	AAGTTGTTGCAGTTAAAAAGCTCGTAGTTGGATTTCGGGTTAGTTCGACCGGTCCGCCCTTGCGGTGTGCACTGGCCGGATTCTCCTTCCATCTGGAGGCCAGCCCTTCTCTTAACTGAGCGGGGTTGGGGTTCAGATCGTTTACTTTGAAAAAATTAGAGTGTTTAAAGCAGGCCTATGCTCTGAATACATTAGCATGGAATAATAGAATAGGACTTTGGTCTTATTTTGTTGGTTTTCGAGACCGAAGTAATGATTAATAGGGATAGTTGGGGGCATTCGTATTTAATTGTCAGAGGTGAAATTCTTGGATTTATGAAAGACGAACTTCTGCGA	0	0	90	20	41	0	0	0
Eukaryota	Alveolata	Apicomplexa	Coccidiomorphea	Haemosporida	Plasmodiidae	Plasmodium6	Plasmodium6_mexicanum	100	16	14	12	9	9	9	6	OTU_00596	AAGTTGCTGCAGTTAAAAAGCTCGTAGTTGAATTTATGAAGATATTAATAGTCTTAAAAAAAATATTTTTTTTTAGATCTAGCAATATTCTTTACTTATTACTATATTTTCACAAAAATGTTTTTTTCATTTTTTGTGGTATTTTAATCGATACTTATATAGTAGGGTTACTGTGAGTAAATTAAAATGTTCAAAGTAGGCGGTCGCTGTGAATATATTAGCATGGAATAACAATGTAGTACTTTTATCTATTTTGCTGACCTGTTAGATGGGAGTAACGATTAATAGGGACAGTTGGGGGCATTCGTATTTCATTGTCAGAGGTGAAATTCTTAGATTGATGAAAGACGATCTACTGCGA	0	0	0	0	0	0	145	0
Eukaryota	Alveolata	Dinoflagellata	Syndiniales	Dino-Group-II	Dino-Group-II-Clade-10-and-11	Dino-Group-II-Clade-10-and-11_X	Dino-Group-II-Clade-10-and-11_X_sp.	100	38	38	38	38	38	38	38	OTU_00609	AAGTTGCTGCGGTTAAAAAGCTCGTAGTTTGATATCTGTCAATGCTTTTCGGTTTGCTCTTTGAGATGGATTATGCATTCGCTTTGGCATCTACGCGTGAATCGGTGCTGTGCTTGATTGCATGGCTCTGTACTCGCGTCTTTTACTTTGAAGAAAATAGGGTGTTCACAGTAGGCAATTGTCTTGTATATATTAGCATGGGATAATAATCTAGGGTTTCGTGCTCTTTCAGGTGGCTCGAAGAGTGGAAGCAATGGTTAATAGGGGCTGTTGGGGGTCTTCGGATTATCGCGTCAGAGGTGGAATTCTTAGATTGCGCTACGACGCACGAATGCGA	0	140	0	0	0	0	0	0
Eukaryota	Alveolata	Dinoflagellata	Dinophyceae	Peridiniales	Thoracosphaeraceae	Pfiesteria	Pfiesteria_sp.	100	58	57	57	31	18	18	18	OTU_00610	AAGTTGTTGCGGTTAAAACGCTCGTAGTTGGACTTCTGGCTTGGACGACCGGTCCGTCCCTTGGACGCGTATCTGGCTCGGCCTAGCCATCTTGGTTGCGGTTGTGCCCTTCATTGGGTTCGCCGTTACCCGATTACTTTGAGGAAATGAGAGTGTTCCAAGCAGGCGTTCGCCTTGTATACTTTAGCATAGAATAATAAGATAAGATCTGGGTCTTGTTTTGTTGGTTCACCGGGCTCGGATAATGATCAAGAGGAACAGGTCGGGGGCATTCGTATTCAACTGTCAGAGGTGAAATTCTTGGATTTGTTGAAGACGGACTACTGCGA	0	0	140	0	0	0	0	0
Eukaryota	Opisthokonta	Metazoa	Arthropoda	Crustacea	Malacostraca	Tylos	Tylos_ponticus	100	72	64	37	28	27	8	8	OTU_00621	AAGTTGCTGCGGTTAAAAAGTTCGTAGTTGGACACTTGCTGATCTTCAATAGTCTGCTCCATGAGCTAGATATGTTGATAAGGCCAGCTTTATAACGCGCCGTGCAGCATTGTGCTTGATTGCATACTGTTCTCGCGCGAGCTTAACTTTGGAGAAAATGGAGTGATCATTATAGGTTTTGGCACTGTGCATAGCAGCATCGAACAATAATATATAGCTTTTTCTTCGTCGGTCGTGGCTTGATGATAGAAGTAATGATAGATGTAAACTATTGGGGGTTCTCGTATTATTGCGTCAGAGGTGGAATTCTTAGATTGCGCTACGACGCGCGAAAGCGA	0	4	0	0	134	0	0	0
Eukaryota	Opisthokonta	Fungi	Chytridiomycota	Chytridiomycotina	Chytridiomycetes	Karlingiomyces	Karlingiomyces_sp.	100	71	44	6	6	4	3	3	OTU_00629	AAGTTGTTGCAGTTAAAAAGCTCGTAGTCGAACTTTGGGTGAAGGGAGTAGGTCAGTCTCTTAGGCTGTACTTGCTGTCTGATCCTTTTTCCTAGAGGTTGCTTTCGGGCAATGTTCTAGGTGTTTACTTTGAAGAAATTAGAGTGTTTAAGGCAGGCTTGTGCTTGAATACATTAGCATGGAATAATAGAATAGGACCTTGGTTTTATTTTGTTGGTTTTAATAACCAAGGTAATGATTAATAGGGACAATTGGGGACATTAGTATTCAGAAGCTAGAGGTGAAATTCTTGGATTTTCTGAAGACTAACTACTGCGA	0	0	0	0	136	0	0	0
Eukaryota	Archaeplastida	Rhodophyta	Compsopogonophyceae	Erythropeltidales	Erythropeltidales_X	Madagascaria	Madagascaria_erythrocladioides	100	18	8	3	3	3	2	2	OTU_00633	AAGTTGTTGCAGTTAAAAAGCTCGTAGTCGAATTCGGACCCGACTTGCGGAACGGCCTCCAAGCCTTTAGCGAGCCGGGTTCAATTTTGCCGCCAGATGGTTTGCTTGTTAGTGAACCAACAAGGCGGCATCTTTTACTGTGAACAAAATAGAGTGTTCATGGCAGGCCTTTTGTAGGGCTTAGATACCTCAGCATGGAATAATAGAATAGGACTTCCGGTTCTATTTTGTTGGTTTTTGGAGCCGAAGTAATGATTAATAGGGATAGTTGGGGGCACTCGTACTCCGTTGTCAGAGGTGAAATTCTTGGATTTACGGAAGACGAACAACTGCGA	121	13	0	0	0	0	0	0
Eukaryota	Stramenopiles	Sagenista	Labyrinthulomycetes	Thraustochytriales	Thraustochytriaceae	Thraustochytriaceae_X	Thraustochytriaceae_X_sp.	100	53	50	50	50	50	50	50	OTU_00654	ACGTTGTTGCAGTCAAAAAGCTCGTAGTCGAATTTTTTGTGGGCGTTGTGTGATTTGATTGGGTGTAAACCCTTCATGGTAGCACGATGCTGGCAATTCTTGGGTCGTAAGACCCTTTTTCACTGTAAAAAAATTAGAGTGTTTCAAACAGGACGTAGGTCTTGAATAGAATAGTATGGAATGATAAGATACGATGTTTTTCGTACTTGTTGGTTTATGGAAAAGCATAATGATGAATAGACGCGGTGGGAGGATTTTGTATTACCATGTCAGAGGTGAAATTCTTGGATTTTGGAAAGACAAACAAAAGCGAAG	0	0	0	73	0	53	0	0
Eukaryota	Alveolata	Dinoflagellata	Syndiniales	Dino-Group-I	Dino-Group-I_X	Dino-Group-I_XX	Dino-Group-I_XX_sp.	100	71	70	64	64	64	64	64	OTU_00682	AAATTGTTGCGGTTAGAACGCTCGTAGTCGAATGTTTGTTCAAGCCTGACGGTCCTCCCTAGTGGTGCGTACTCAGTTCGGTCTGAGCACTTCTCTGGTGCAAGTGTTTGCAGTTAGTTCTGTTGCACTTTGTCCAGAACTTTTACTTTGAGGAAATGAGAGTGCTTCAAGCAAATGTATGTTATGAATACGTTAGCATGGAATAATCGCATGGGACATCATCCTGAATTTGTTGGTTTTTGGGTAGATGTAATGAAGGTGGGGATAGTTGGGGGCATTCGTATTTAACTGTTAGAGGTGAAATTCTTGGATTTTTTAAAGATGGACTACTGCGA	0	0	0	82	38	0	0	0
Eukaryota	Archaeplastida	Rhodophyta	Compsopogonophyceae	Erythropeltidales	Erythropeltidales_X	Smithora	Smithora_naiadum	100	25	23	17	16	16	6	6	OTU_00699	AAGTTGTTGCAGTTAAAAAGCTCGTAGTCGAATGTAGGTTTAGTTATTATGCGGTCTCTCAGGTGTTACTTGAGTGGATTGCGTATAACGACCTTCCTTGATATAATAACAGTTATGTTTGAAATTCAAATGTAATGGTTATTATATCCATTACTGTGAACAAAATAGAGTGTTCATGGCAGGCCAATTTAGGCTTGGATACCTCAGCATGGAATAATAGAATAGGACTTCTGGTTCTATTTTGTTGGTTTTTGGAGCCGAAGTAATGATTAATAGGGATAGTTGGGGGCACTCGTACTCCGTTGTCAGAGGTGAAATTCTTGGATTGACGGAAGACGAACAACTGCGA	50	16	0	0	49	0	0	0
Eukaryota	Amoebozoa	Lobosa	Tubulinea	Arcellinida	Arcellinida_X	Cryptodifflugia	Cryptodifflugia_operculata	100	42	39	38	23	19	16	8	OTU_00794	TTTTTGCTGTAGTTAAAAAGCTCGTAGTTGGATTTCGGAATGTGTTAGTCTAGGTCAGTCTAAATGGCTGTGCCCGACCGATGCTTCCTATCTTGAGGATTTTGCATGCCCTGCTTCGGCAGGTGTCTTGTACCTCATCGTTTACTGTGAACAAATTAGAGTGTTCAAAGCAGGTGTATCCGCCTTTGAATAGTTTAGCATGGGATAATAAAATAGGACCTCGGTTTTATTTTGTTGGTTTCTAGAGCTGAGGTAATGATTAAGAGGGACAGTTGGGGTCGCTCGTATTGAGTTGTCAGAGGTGAAATTCTAGGATTTACTCAAGACGAACTGATGCGA	0	0	93	0	0	0	0	0
Eukaryota	Alveolata	Dinoflagellata	Syndiniales	Dino-Group-II	Dino-Group-II-Clade-10-and-11	Dino-Group-II-Clade-10-and-11_X	Dino-Group-II-Clade-10-and-11_X_sp.	100	40	38	38	38	37	37	37	OTU_00796	AAGTTGCTGCGGTTAAAAAGCTCGTATTTTGATATCTGTCAATGCTTTTCGGTCTGCTCTTTGAGATGGATTATGCATTCGCTTTGGCATCTACGCGTGAATCGGTGCTGTGCTTGATTGCATGGCTCTGTACTCGCGTCTTTTACTTTGAAGAAAATAGGGTGTTCACAGTAGGCAATTGTCTTGTATATATTAGCATGGGATAATAATCTAGGGTTTCGTGCTCTTTCAGGTGGCTCGAAGAGTGGAAGCAATGGTTAATAGGGGCTGTTGGGGGTCTTCGGATTATCGCGTCAGAGGTGGAATTCTTAGATTGCGCTACGACGCACGAATGCGA	0	0	0	0	0	0	0	93
Eukaryota	Amoebozoa	Conosa	Archamoebea	Mastigamoebida	Mastigamoebidae	Mastigamoeba	Mastigamoeba_simplex	100	21	16	12	6	6	6	6	OTU_00823	AAGTTGTTGCGGTTAAAAAGCTCGTAGTTGACATCTTACTGAAATCTGCTTTTCATTTCGATGACTTTGAATTAGCTTTACTTTCGTAATAACTTCATGTATTTGTGTTGAATTTGAATATTTGACTCGGATCTAAGTTTTACCTTGAAGAAATTAGAATGCTTAAATTAGATGAATGTAATGAATACTTGAGCATGGAATAATAAAATTGAATTTGGAAAGGTTTCGTTGGTACATCATTCCAATGTAACGATTAATAGGAATAGTTAGGGGTACTCGTATTTGATTGTCAGAGGTGAAATTCTTGGATTAATCAAAGACTATCTAGAGCG	0	0	0	0	87	0	0	0
Eukaryota	Alveolata	Dinoflagellata	Dinophyceae	Dinophyceae_X	Dinophyceae_XX	Dinophyceae_XXX	Dinophyceae_XXX_sp.	100	43	41	41	24	24	20	20	OTU_00853	AAGTTGTTGCGGTTAAAAAGCTCGTCGTTGGATTTCTGTTGAGGTCGAACAGTGCCGCCCTATGGGTGAGCAACTGGATCGGCTTCGGCATCTTCTTGGAGAGCGCATCTGCACTTAACTGTGTGGATCGTACTTCAAGTCAGTTACTTTGAGGAATTGTGAGTGTTTCAAGCAGGCTTACGCCGTTGAATCCGTTAGCATGGAATAATAGAATAGGACCTCGGTTCTATTTTGTTGGTTTTGAGAGCTGGGGCAGCGATTGATAGGGACGGATGGGGGCGTCCGAACTTTACTGTCAAAGGTGAAATTCTTAGATCGGTCAAAGGCGAACTACTGCGAACG	0	0	0	0	0	83	0	0
Eukaryota	Alveolata	Ciliophora	Nassophorea	Nassophorea_X	Discotrichidae	Discotricha	Discotricha_papillifera	100	61	57	30	30	29	17	17	OTU_00867	AAGTTGTTGCAGTTAAAAAGCTCGTAGTTGAACTTCTGACATGAGTTGGACAGGTATTATCTCTTTGAGAGCTTGTCCTTGTGTCATCCCATTAGATCCTGCATCACGATCTTAGTTGGTCGGTTGAGGGATCTATGAATTTACTTTGAAAAAATTAGAGTGTTTCAAGCAGGCTCTTGCTGGAATACATTAGCATGGAATAATAGAAAAGGACCTTAGTACGTCACTTTATTGGTACTATGACACTAGGTAATGATTAACAGGGACAGTTGGGGGCATTAGTATTATTTCAGAAGAGGTGAAATTCATTGATTGAGATGAGACTAACTTATGCGA	14	0	0	0	66	0	0	0
Eukaryota	Amoebozoa	Lobosa	Tubulinea	Arcellinida	Arcellinida_X	Cryptodifflugia	Cryptodifflugia_oviformis	100	36	33	30	24	23	23	15	OTU_00887	TTTTTGCTGTAGTTAAAAAGCTCGTAGTTGGATTTCGGAATGCGTGTGTCTAGGCCGGTCTAAATGGCTTGGCCCGACGGACGCTTCCTCTCCTTTGGGTAGCAAGCCTCTGTGTTTGCTCCTGATCGTTTACTGTGAACAAATTAGCGTGTTCAAAGCAGGTATAACTTTGCCTTGAATAGTTTAGCATGGGATAATGGAATAGGACCTCGGTTTTATTTTGTTGGTTTCTAAAGCTGAGGTAATGATTAATAGGGACGGTTGGGGTCGCTCGTATTGAGTTGTCAGAGGTGAAATTCTAGGATTGACTCAAGACGAACTGATGCGA	0	0	78	0	0	0	0	0
Eukaryota	Amoebozoa	Conosa	Archamoebea	Mastigamoebida	Mastigamoebidae	Mastigamoeba	Mastigamoeba_simplex	100	39	34	30	19	19	19	19	OTU_00915	AAGTTGTTGCGGTGAAAAAGATCGTAGTTGACATCTTACTGAAATCTGCTTTTCATTTCGATGACTTTGAATTAGCTTTAATTTCGTAATAACTTCATGTATTTGTGTTGAATTTGAATATTTGACTCGGATCTAGGTTTTACCTTGAAGAAATTAGAATGCTTAAATTAGATGAATGTAATGAATACTTGAGCATGGAATAATAAAATTGAATTTGGAAAGATTTCGTTGGTACATCATTCCAATGTAACGATTAATAGGAATAGTTAGGGGTACTCGTATTTGATTGTCAGAGGTGAAATTCTTGGATTAATCAAAGACTATCTAGAGCG	0	0	0	0	74	0	0	0
Eukaryota	Alveolata	Dinoflagellata	Dinophyceae	Peridiniales	Hetrodiniaceae	Heterodinium	Heterodinium_doma	100	55	51	51	19	2	2	2	OTU_00959	AAGTTGCTGCGGTTAAAAAGCTCGTAGTTCCTTTTCTGGCAGGGTCAACTGGTCCATCCTCTGGGTGAGAACTTAGCTTGACTGTGCTACACTTTGGGAAGCTTGTCTACATTCGAATGTGTGGGCAGCGATCCAGATTCTTACTTTGAGGAAATTAGAATGTTTCAAGCAAGCGGTCGCCTTGAATATATGAGCATGGAATACTACGCGACTGCCTCGGTGCACCTTCGATTGGTTTCTATGGTTGAGGTAAGATTTTGTAGGGCCAGATGAGGGCATTTGTATTTAACTGTCAGAGGTGAAATTCTTGGATTTGTTAAAGACGGTCCAATGCGA	0	20	0	0	46	0	0	0
Eukaryota	Opisthokonta	Metazoa	Bryozoa	Bryozoa_X	Bryozoa_XX	Haplopoma	Haplopoma_graniferum	100	72	69	6	6	6	4	4	OTU_00962	AAGTTGTTGCGTTTAAAAAGCTCGTAGTTCAGCATCTGCCGTTCAGCTCGAACACTTCCGCTGGTTGTAGTTGGAGTGGCTTGGCGCCCTCGGCAGTCCGCATATTGCACTTAATTTTGCGAAACGAGCTGCCGTCACGTACTTCGAAGAAATTAGATTGTTTCACGGTGGTTGGAGCTAAGAATATCAAAGCATGGAATAACAATTTTGACCTTGATTCTGATTTGTTGGCTTGTCAATTAAAGGTGATGGTCGATAGGGACGGTTGGGGGTTTTCGTACTTGACAGTCAGAGGTGAAATTCTTGGATTTGTCAATGACGAACTAATGCGA	0	0	0	0	66	0	0	0
Eukaryota	Alveolata	Dinoflagellata	Syndiniales	Dino-Group-I	Dino-Group-I_X	Dino-Group-I_XX	Dino-Group-I_XX_sp.	100	50	45	34	34	34	34	34	OTU_00974	AAATTGTTGCGGTTAGAACGCTCGTAGTCGAATGTTTGTTCAAGCCTGACGGTCCTCCCTAGTGGTGCGTACTCAGTTCGGTCTGAGCACTTCTCTGGTGCAAGTGTTTGCAGTTAGTTCTGTTGCACTTTGTCCAGAACTTTTACTTAGAGGAAATGAGAGTGCTTCAAGCAAATGTATGTTATGAATACGTTAGCATGGAATAATCGCATGGGACATCCTCCTGAATTTGTTGATTTTTGGTTAGATTTAATGAAGGTGGGGATAGTTGGGGGCATTCGTATTTAACTGTTAGAGGTGAAATTCTTGGATTTTTTAAAGATGGACTACTGCGA	0	0	0	0	64	0	0	0
Eukaryota	Amoebozoa	Conosa	Archamoebea	Mastigamoebida	Mastigamoebidae	Mastigamoeba	Mastigamoeba_simplex	100	34	28	25	17	17	16	16	OTU_00981	AAGTTGTTGCGGTTAAAAAGATCGTAGTTGACATCTTACTGAAATCTGCTTTTCATTTCGATGACTTTGAATTAGCTTTAATTTCGTAATAACTTCATGTATTTGTGTTGAATTTGAATATTTGACTCGGATCTAAGTTTTACCTTGAAGAAATTAGAATGCTTAAATTAGATGAATGTAATGAATACTTGAGCATGGAATAATAAAATTGAATTTGGAAAGATTTCGTTTGTACATCATTCCAATGTAACGATTAATAGGAATAGTTAGGGGTACTCGTACTTGATTGTCAGAGGTGAAATTCTTGGATTAATCAAAGACTATCTAGAGCG	0	0	0	0	63	0	0	0
Eukaryota	Alveolata	Dinoflagellata	Dinophyceae	Gymnodiniales	Gymnodiniaceae	Apicoporus	Apicoporus_glaber	100	65	61	58	19	19	10	10	OTU_00989	AAGTTGTTGCGGTTAAAAAGCTCGTAGTTGGACTTGTACGAAGGTTCGTTGGTCCGCCCTTTGGGTGTGTACTTTACGGTGTCCGTCGTCTCTCTGGAGAACGTTGCCATGCTCACGCGTGGTGCGGTATCCGGAGCATTTACTTTGAGGAAATTAGAGTGTTCTCGGCAGGCATTTGCCTTGAATATGTTAGCATGGAATAATGCGAAAAGGCCTCGGTTTTTCTTGTTGGTTTCTAACCCCGAGGTGATGATTAATATGAGCTGTTGGGGGCATCTGTATTTAACTGTCAGAGGTGAAATTCTTGGATTTGTTAAGGACAGACTAGTGCGAAAG	0	0	0	0	62	0	0	0
Eukaryota	Alveolata	Dinoflagellata	Dinophyceae	Dinophyceae_X	Oodiniaceae	Oodinium	Oodinium_pouchetii	100	77	75	74	51	46	46	46	OTU_01007	AAATTGTTGCGGTTGAAAAGCTCGTAGTTGGAATTCTGCCTAGAGCAACTAGTCCGCTCATTGGGTGTGCATTTGGTTCGCTCTTGGCATTCTTCAGATTAGCTGTGATGCACTTGACTGTGTGTCCTGGGGATCTGATCTTTTACTTTGAGGAAATTAAAGTGTTTCACGCAGGCATACGCCTTGAATTTAATAGCATGGAATAATGGTTTAGGACCTTAGTTCTAACTTGTTGGTTCTTAGGAAGAAGGTAATGGTTAACAGGGAAAATTGGGGGTATTCGTATTTAACTGTCAGAGGTGAAATTCTTGGATTTGTTAAAGACGGACAACTGCGA	0	0	0	0	0	0	0	60
Eukaryota	Opisthokonta	Metazoa	Cnidaria	Cnidaria_X	Anthozoa	Isosicyonis	Isosicyonis_striata	100	60	54	10	10	4	2	2	OTU_01017	ATGCTGCTGCAGTTAAAACGCTCGTAGTTTGGGAGAGCCAAGGTGGACTCGTTGAGAGACGAGCCTGCCGTGGCAGAGGAGACGATGAAAGTTGTCTCGGGTGACTTTGAAGAAATTGGAGTGTTCATGGCGGGCGTGTAGCTTGAATACATTAGCATGGAATGACGGAGGCGACTTGCTCTGGCGGTTCGGAAGGAGGGAGCGCGAGGTTGAGAGGGACAGTTGGGGGCATTGGTATTCGGCGGAGAGAGGTGAAATTCTTGGACTCGCGGAGGACGAACTAGTGCGA	58	0	0	0	0	0	0	0
Eukaryota	Rhizaria	Cercozoa	Filosa-Sarcomonadea	Cercomonadida	Paracercomonadidae	Metabolomonas	Metabolomonas_insania	100	76	76	32	20	12	8	8	OTU_01028	ATGTTGCTGCAGTTAAAAAGCTCGTAGTTGGATTTCTGGTATGATTCACTTAGCCCGCTCGAAAGAGTTGAGTGCTTGAGTGCATCTACCATCCTTCGTGTAAATCTTCTCTGCCGAAAGGTTTGAGTTGTATGAGCACGATCTTTTACTTTGAAAAAATTAGAGTGTTTAAAGCAGGCTTACGCTTATGAATACATTAGCATGGAATAATAATATAGGGCTTCGGTTTTATTTTGTTGGTTCTAGAAACTGAAGTAATGATTGATAGGGATAGTTGGGGGTGCTTGTATTTCAAGGTCAGAGGTGAAATTCTTGGATTCTTGAAAGACAAACTTATGCGAAAG	0	0	0	0	0	0	0	58
Eukaryota	Excavata	Discoba	Euglenozoa	Euglenida	Peranemadales	Peranema	Peranema_sp.	100	34	33	32	31	5	5	5	OTU_01038	ATGTTGCTGCGATTGAAACGCTCGTAGTTGATGATATGTGGGTCTTCTCCTGCATCCCTTCGGGGTGCTTTCGGAAATGTTGACCGACACCATGTTAGGCTTACTGGTTCACTTGACTGTGGGCCATTGGTCAGTGGTCCTTCACCTTGAAGGAATTAAAGTGTTTGAGGCGATGCTTGCAGCGGATTTTGAAGCATGGAATAAGCTAGAAAGTCGGACTTTCTCTCAGGGGCAGCGGGTCCGATTGACGCTTGGATAGGGGTTTACGGGGATGATCGTATTTGGCTGCTAGAGGTGAAATTCTTGGATTAGTCAAGGACTCTCGACGGCATAAG	0	0	0	0	57	0	0	0
Eukaryota	Opisthokonta	Metazoa	Arthropoda	Hexapoda	Insecta	Caenocholax	Caenocholax_fenyesi_texensis	100	53	52	39	30	30	5	5	OTU_01098	AAGTTGTTGCGGTTAAAAAGCTCGTAGTCGAAATTATACGAATAATCAATACGTTTTTTGCTATGCAATTTACTATTGAAATCGTTTCAAGTATTATACTAAGAAATCAATGGCTGTACTTAATTGTGTGGTTATTCTTGTATAGTAGTTGTTGTTACTTTGAGGAAATTAGAGTGTTTCAAGCGTGCATTTGTCACGAATATATTAGCATGGAATGACAATATAGGTGTGTACCTGTTTAGTGGGTTACTTGTACATATATATGGTTAATAGAAGCAATTGGGGGCATTCGTACTTAACCGTCAGAGGTGAAATTCTTGGATTGGTTAATGACGATCAACTGCGA	51	0	0	0	0	0	0	0
Eukaryota	Amoebozoa	Conosa	Archamoebea	Mastigamoebida	Mastigamoebidae	Mastigamoeba	Mastigamoeba_simplex	100	25	23	20	16	16	16	16	OTU_01108	AAGTTGTTGCGGTTAAAAAGATCGTAGTTGACATCTTACTGAAATCTGCTTTTCATTTCGATGACTTTGAATTAGCTTTAATTTCGTAATAACTTCATGTATTTGTGTTGAATTTGAATATTTGACTCGGATCTAAGTTTTACCGTGAAGAAATTAGAATGCTTAAATTAGATGAATGTAATGAATACTTGAGCATGGAATAATAAAATTGAATTTGGAAAGATTTCGTTGGTACATCATTCCAATGTAACGATTAATAGGAATAGTTAGGGGTACTCGTATTTGATTGTCAGAGGTGAATTTCTTGGATTAATCAAAGACTATCTAGAGCG	0	0	0	0	51	0	0	0
Eukaryota	Alveolata	Dinoflagellata	Dinophyceae	Dinophyceae_X	Tovelliaceae	Tovellia	Tovellia_aveirensis	100	34	24	15	3	3	3	3	OTU_01112	AAATTGTTGCGGTTAAAAAGCTCGTAGTTGAATTTCTGCATAGAAGGGACACCCCCACCCTTTGGGTGGGGTCTGTTGCCGTCTCTGCATATTCCGGAGTAGATATTCCTCACTTAATTGTGACGGTATCGTGCTTGGGTCCTTTACTTTGAGGAAAAGAGAGTGCTTCAAGCAGGCCCACGCCTGAATACGTTAGCATGGAACAACGTCATCGGATCAACGCCCAGCTACTGATGTCTGGACGAGGATAAAGGCGAACAGGGATTGTTGGGGGCATTCGTATTTAACTGTCAGAGGTGAAATTCTTGGATTTGTTGAAGACGAGCTACTGCGA	33	0	0	0	17	0	0	0
Eukaryota	Alveolata	Dinoflagellata	Dinophyceae	Suessiales	Suessiales_X	Dactylodinium	Dactylodinium_pterobelotum	100	54	37	37	10	5	5	5	OTU_01140	AAGTTGTTGCGGTTAAAAAGCTCGTAGTCTAAACTCAATCGACGTTGCGTTTTCACTTAGTGGAGATTGTAAACGTTGACACCTCTATTTGGTGGTCGTTACTTTGAGGAAATCAGAGTGTTTCAAGCAAGCTGTTGCTGTGAATACTAAAGCATGGAATAATGATATAAGACATTAACATTTTTCATTGGTTTAAAGGTTAGTGTAATGATTAATGGAAACAGGCAGGGGCATTCGTATTTAACTGTCAGAGGTGGAATTCTTGGATTTGTTAAAGACGAACTACTGCGA	48	0	0	0	0	0	0	0
Eukaryota	Amoebozoa	Lobosa	Tubulinea	Echinamoebida	Echinamoebidae	Echinamoeba	Echinamoeba_exundans	100	7	3	3	3	3	3	3	OTU_01150	AAGTTGATGCAGTTAAAAAGCTCGTAGTCTGAGGTTTGGGCGCGGGGGTGGCGGGGGCGCAAGCTCCTGTTTGCCGTTGTGCCCAATTTTTGTGGACGGGTGGTGCGGGGCTCTTTGTTGAACCTCGTGCCGCTGCCACGGCTTTACTTTGAGAAAATTGGAGTGTTCAAAGCAGGCGTTTTTGCTTGAACAGATTAGCATGGAATAATGGAACAGGACTTTGGCCTTGTTTTGTTGGTTTCCGGGGCCGAGGTAATGATAAGTCGGGACAGTTGGGGGCATTCGTATTTAGTTGTCAGAGGTGAAATTCTTGGATTTACTACAGACGAACATCTGCGA	0	0	48	0	0	0	0	0
Eukaryota	Archaeplastida	Rhodophyta	Compsopogonophyceae	Erythropeltidales	Erythropeltidales_X	Rhodochaete	Rhodochaete_parvula	100	37	27	19	19	19	9	9	OTU_01156	AAGTTGTTGCAGTTAAAAAGCTCGTAGTCGAATATAGGTTATTTGGATGCGCGAGCACTCTTGTTTAACTTGAGATGCTTGCGCCCATTAGCCGCCCTTGTGGAGCTCGATGTTCTTGATTATCAAGAACACTCAATCGATCCCACACATTACTGTGAACAAAATAGAGTGTTCATGGCAGGCCATTAGGGCTTGAATACCGCAGCATGGAATAATAGAATAGGACTTCCGGTTCTATTTTATTGGTTTTTGGAGCCGAAGTAATGATTAATAGGGATAGTTGGGGGCACTCGTACTCCGTTGTCAGAGGTGAAATTCTTGGATTGACGGAAGACGAACAACTGCGA	47	0	0	0	0	0	0	0
Eukaryota	Alveolata	Dinoflagellata	Syndiniales	Dino-Group-I	Dino-Group-I_X	Dino-Group-I_XX	Dino-Group-I_XX_sp.	100	53	53	53	53	53	53	53	OTU_01166	AAATTGTTGCGGTTAGAACGCTCGTAGTCGAATGTTTGTTCAAGCCTGACGGTCCTCCCTAGTGGTGCGTACTCAGTTCGGTCTGAGCACTTCTCTGGTGCAAGTGTTTGCAGTTAGTTCTGTTGCACTTTGTCCAGAACTTTTACTTAGAGGAAATGAGAGTGCTTCAAGCAAATGTATGTTATGAATACGTTAGCATGGAATAATCGCATGGGACATCCTCCTGAATTTGTTGATTTTTGGGTAGATGTAATGAAGGTGGGGATAGTTGGGGGCATTCGTATTTAACTGTTAGAGGTGAAATTCTTGGATTTTTTTAAGATGGACTACTGCGA	0	0	0	0	46	0	0	0
Eukaryota	Excavata	Metamonada	Preaxostyla	Oxymonadida	Polymastigidae	Monocercomonoides	Monocercomonoides_sp.	100	5	4	3	3	3	3	3	OTU_01176	AAGTTGTTGCGGTTAAAAAGCTCTTAGTTGACATCTTACTGAAACAAGCTTTTCATTTCGATGACTTTGAAACTGTTCTTGTTTCGTAATAACTTTATGAATTAGTGTTGGATTTGATTATTCGACATGACTCTAAGTTTTACCTTGAAGAAATTAGAATGCTTAAATTAGGTTTATGTAATGAATACTTTAGCATGGAATAACAACATTGAATTTGGAAAGATTCCGTTGGTTCATCATTCCAATGTAACGATTAATAGGAATAGTTAGGGGTACTCGTATTTGATTGTCAGAGGTGAAATTCTTGGATTAATCAAAGACTGTCTAGAGCG	0	0	0	0	45	0	0	0
Eukaryota	Archaeplastida	Chlorophyta	Chlorophyceae	Sphaeropleales	Sphaeropleales_X	Neodesmus	Neodesmus_danubialis	100	23	17	9	9	8	4	4	OTU_01179	AAGTTGCTGCAGTTAAAAAGCTCGTAGTTGGATTTATAACGATATTGTTAGTCAAAATCATTGATTTTGTACTGATACTTATCTTTATTTAAACTACATTTCACAATAAGTTTAACACTTGTTGTAGTTGGTGTGGTTTGGTTACTATGAGTAAATTAAAATGTTCAAAGTAGGCGGTTGCTATGAATATATTAGCATGGAATAACAATATAGTACTTCAATCTATTTTGCTAACCTGTTAGACTGGAGTGATGATTAATAGGGACAGTTGGGGGCATTCGTATTTCATTGTCAGAGGTGAAATTCTTGGATTGATGAAAGACGAACTACTGCGA	0	0	0	0	0	0	0	45
Eukaryota	Alveolata	Dinoflagellata	Dinophyceae	Gymnodiniales	Gymnodiniaceae	Spiniferodinium	Spiniferodinium_palustre	100	71	64	63	18	14	7	4	OTU_01214	AAGTTGCTGCGGTTAAAAAGCTCGTAGTTGATATTCTGGCAGGGTCGACTGGTCCACCTTCTGGGTGAGAATTTAGCTTGGCTCGGCCACTTTCTGGCGAAGCTTTTTCACACTTGATTGTGTGAGAAGCTGCTCAGATCTTTACTTTGAGGAAATTAGAGTGTTTCAAGCAGGCGCACGCCTTGAATATGTGAGCATGGAATAATAAGATCTTGCCTCGACTCTGCTTTTGTTGGTTCCCATTGTTGGGGTAAGGATTTGTAGGGCCAGTTGGGGGCATTCGTATTTAACTGTCAGAGGTGAAATTCTTGGATTTGTTAAAGATGGCCCAGTGCGA	0	0	0	0	42	0	0	0
Eukaryota	Stramenopiles	Opalozoa	Bicoecea	Pseudodendromonadales	Pseudodendromonadales_X	Paramonas	Paramonas_globosa	100	55	35	33	30	30	17	17	OTU_01260	AAGTTGTTGCAGTTAAAAAGCTCGTAGTTGAATTTCTGGGGAGTTCGGTGGGTGCGCTTCACTGCGCAACCCGCAGGTTCTCTCCATCCTCGCAGGGATGGCGTCGGCATTCATTTGTCGCGTTCTGACCTGCGTCCTTTACTGTGAGAAAATTAGAGTGTTCAAAGCAGGCGTTTCGCTTGAATACATTAGCATGGAATAATGAGATAGGACTTCGGTCCTCCGCTGGTTGCGGATCGAGGTAATGATTAATAGGGACGGTTGGGGGCCTTCGTATTCAACTGTCAGAGGTGAAATTCTTGGATTTGTTGAAGACGAACAGCTGCGA	0	0	0	0	39	0	0	0
Eukaryota	Amoebozoa	Conosa	Archamoebea	Mastigamoebida	Mastigamoebidae	Mastigamoeba	Mastigamoeba_simplex	100	33	28	27	15	15	15	15	OTU_01293	AAGTTGTTGCGGTTAAAAAGATCGTAGTTGACATCTTACTGAAATATGCTTTTCATTTCGATGACTTTGAATTAGCTTTAATTTCGTAATAACTTCATGTATTTGTGTTGAATTTGAATATTTGACTCGGATCTAAGTTTTACCTTGAAGAAATTAGAATGCTTAAATTAGATGAATGTAATGAATACTTGAGCATGGAATAATAAAATTGAATTTGGAAAGATTTCGTTTGTACATCATTCCAATGTAACGATTAATAGGAATAGTTAGGGGTACTCGTACTTGATTGTCAGAGGTGAAATTCTTGGATTAATCAAAGACTATCTAGAGCG	0	0	0	0	37	0	0	0
Eukaryota	Amoebozoa	Conosa	Archamoebea	Mastigamoebida	Mastigamoebidae	Mastigamoeba	Mastigamoeba_simplex	100	48	19	19	18	18	17	17	OTU_01299	TTTTTGCTGTAGTTAAAAAGCTCGTAGTTGGATTTCGAAAGAAATTGATTTGAATCAATCTAAATGATTAGATTTAATTAATTCTTTCTCTTTTTTGAAATTATTATTTTTAATAATAGTTTTAAAACATTTACTGTGAACAAATTAGAGTGTTCAAAGCAGGTATATATCTTGCCTTTGAATAGTTTAGCATGGGATAATAAAATAGGACTTTTGCTTTATTTTATTGGTTTCTAAAGCTGAAAGTAATGATTAAGAGGGACAGTTGGGGTCGCTCGTATTGAGTTGTCAGAGGTGAAATTCTAGGATTGACTCAAGACGAACTGATGCGA	0	0	36	0	0	0	0	0
Eukaryota	Hacrobia	Picozoa	Picozoa_X	Picozoa_XX	Picozoa_XXX	Picomonas	Picomonas_judraskeda	100	62	61	61	61	61	25	25	OTU_01303	AAGTTGTTGCAGTTAAAAAGCTCGTAGTCGGATTTTGGCTCTCGGCGAACTGTCCGCCTACCGGTGAGTACGGATCGCCGATTGCTTCCTTTCGAACCCCTTTCCCGCTCTTCATTGAGTTGGGTTTGGTTTTCGGATCTTTTACTTTGAAAAAATTAGAGTGTTCAAAGCAGGCCAACGCACGAATAGGTTAGCATGGAATAATGGAATAGGACTTCCGTTCTATTTTGTTGGTTTCTAGGACAGAAGTAATGATTAATAGGGACAGTTGGGGGCATTCGTATTCCATTGTCAGAGGTGAAATTCTTGGATTAACGGAAGACGAACTTCTGCGA	0	0	0	36	0	0	0	0
Eukaryota	Archaeplastida	Rhodophyta	Compsopogonophyceae	Erythropeltidales	Erythropeltidales_X	Rhodochaete	Rhodochaete_parvula	100	34	27	17	17	17	12	12	OTU_01342	AAGTTGTTGCAGTTAAAAAGCTCGTAGTCGAATATAGGTTGTTTGGATGCGCGAGCACTCTTGTTTAACTTGAGATGCTTGCGCCCATTAGCCGCCCTTGTGGGCCTCGATGTTCTTGATTATCAAGAATACTCAATCGATCCCACACATTACTGTGAACAAAATAGAGTGTTCATGGCAGGCCATTAGGGCTTGAATACCGCAGCATGGAATAATAGAATAGGACTTCCGGTTCTATTTTATTGGTTTTTGGAGCCGAAGTAATGATTAATAGGGATAGTTGGGGGCACTCGTACTCCGTTGTCAGAGGTGAAATTCTTGGATTGACGGAAGACGAACAACTGCGA	0	0	0	0	34	0	0	0
Eukaryota	Rhizaria	Cercozoa	Endomyxa	Vampyrellida	Vampyrellida_X	Thalassomyxa	Thalassomyxa_sp.	100	46	42	38	38	34	34	34	OTU_01361	AAATTGCTGCAGTTAAAAAGCTCGTAGTCAAAATTTTGTTACTGTAGACACGGGCCTCTCAATGAGTGTGCCCGGTACGTCTACAGTGCTTTTTCCTGTAACCTACCTCTTTTCTTAATTGATTGGTTGTAGTGTTTAGGTCATTTACTGTGAACAAACGAAAGTGTTCAAAGCAGGCATTTATGCCTGAATCTTTTAGCATGGAATAATAAGATAAGACTCCGGTTTTGTTTTATTGGCAATAAGACTGAAGTAATGATTGAAAGGGATAGTTGGGGGTGCTCGTATTCAGGGGCTAGCGGTGAAATGCGATGATTCTCTGAAGACGAACTAATGCGAAAG	0	0	0	0	0	0	0	33
Eukaryota	Rhizaria	Radiolaria	Polycystinea	Spumellarida	Spongodiscidae-Coccodiscidae	Spongodiscus	Spongodiscus_sp.	100	19	14	14	14	10	8	8	OTU_01373	ACATTGTTGCAGTTAAAAAGCTCGTAGTTGGATTTCTGTGCGATGCTGACGGTCTGCTCCCTTTGGGACGCGGCACCAGTCGTGCGTCGTGCATCCTGTCGTGACCTGCTCTGGCCTTGATTGGTCGGAGTCCAGCAAGCGGCTCATTTACTTTGAGAAAAACAGAGTGTTCAAAGCAGGCCAGTGCCTTGAATGTTCCAGCATGGAATAATGACATAGGACTTCTGTCTTGGTTGTTGGTGTACGGGACCGAAGTAATGATTGAGAGGGACGGTTGAGGGCATTTCTACTGTCGGGCGAGAGGTGAAATTCGCGGACCCCGGCAAGAGAAACTACTGCGAAGG	0	0	0	0	32	0	0	0
Eukaryota	Alveolata	Ciliophora	Nassophorea	Nassophorea_X	Discotrichidae	Discotricha	Discotricha_papillifera	100	58	58	44	44	44	33	33	OTU_01376	AAGTTGTTGCAGTTAAAAAGCTCGTAGTTGAACTTCTGGCATGATGGCCATCCTTTTAGGTAGTGCTGTCTTTGTCATCCCCTTTGAATTAAAGACATGATCTTTGATGCTCAGTTTGGTATTCAAGGAATTTACTTTGAAAAAATTAGAGTGTTTCAAGCAAGCGATTCGCTGGAATACATTAGCATGGAATAATAGAATATGACCTCTGTTCATTGGTCCTATGTTTAGAGGTAATGATTAACAGGGACAGTTGGGGGCATTAGTACTGCTTTGTCAGAGGTGAAATTCATTGATTATCGCAAGACTAACTTATGCGA	0	0	0	0	32	0	0	0
Eukaryota	Alveolata	Perkinsea	Perkinsida	Perkinsida_X	Perkinsida_XX	Perkinsida_XXX	Perkinsida_XXX_sp.	100	79	54	54	54	54	37	37	OTU_01379	AAGTTGTTGCGGTTAAAAAGCTCGTAGTTGGATTTCTGCCTTGGACGACCGATCCACCTTAGGGTGCGCATCAGGTTTGACCGAGGCATCCTTCTGGAGACGCTTCGGCGGATTCGGAACTTTTACTTTGAGGAAATTAGAGTGTTTCAAGCAGGCTTATGCCTTGAATATCTCAGCATGGAATAATAATATAGGACTTTGGTTCTATTTTGTTGGTTTCTGGAACTGAAGTAATGATTAATAGGGATAGTCGGGGGCATCCGTACTCAACTGTCAGAGGTGAAATTCTTGGATTTGTTGAAGACGAACTACTGCGA	31	0	0	0	0	0	0	0
Eukaryota	Hacrobia	Picozoa	Picozoa_X	Picozoa_XX	Picozoa_XXX	Picomonas	Picomonas_judraskeda	100	60	60	60	60	60	33	33	OTU_01409	AAGTTGTTGCAGTTAAAAAGCTCGTAGTCGGATTTTGGCTCTCGGCGAACTGTCCGCCTAACGGTGAGTACGGATCTCCGATTGCTTCCTTCCGAACCCCTTTCCCGCTCTTCATTGAGTTGGGTTTGGTTTTCGGATCTTTTACTTTGAAAAAATTAGAGTGTTCAAAGCAGGCCAACGCACGAATAGGTTAGCATGGAATAATGGAATAGGACTTCCGTTCTATTTTGTTGGTTTCTAGGACAGAAGTAATGATTAATAGGGACAGTTGGGGGCATTCGTATTCCATTGTCAGAGGTGAAATTCTTGGATTAACGGAAGACGAACTTCTGCGA	0	0	0	0	30	0	0	0
Eukaryota	Excavata	Metamonada	Preaxostyla	Oxymonadida	Polymastigidae	Monocercomonoides	Monocercomonoides_sp.	100	19	8	8	8	8	8	8	OTU_01418	AAGTTGTTGCAGTTGAAAAGCTCGTAGTTGAATTTCTGGGCCCGTTTGTTTGTTTTGTTTGTAAGAAATTGCAGGCAAAATGACAAGGGTCCATCATGCGGAATTGGTTACTTTTTGATTAAAGTAATGCCGCTCAGTCACTGAGAGCAAATTGGATCGCTCAAAGAAAGGTGTATGTCTTTGAACAATTAAGCTTGGAATGACAATCTATGACAAGTTATGGATTGTTGGTTGCCATGACTCGTAATGGTTAATAGGAACAGATTAGCGGGGCTATTTGTACTGGCGAGCTAGAGGTGAAATTCTTAGATTTCGTCAAGACAAACGACTGCGAAAGCATTTAGCAAGGTGAGTTTTTTTTTTTAATAATTAGATTTGAAATGTATGGTCTAACG	0	0	29	0	0	0	0	0
Eukaryota	Excavata	Metamonada	Preaxostyla	Oxymonadida	Polymastigidae	Monocercomonoides	Monocercomonoides_sp.	100	19	7	6	6	5	5	5	OTU_01421	AAGTTGTTGCGGTTAAAAAGCTCGTAGTTGGATATCTGCCAATGCGGTTCGGTCTGCTCTTTGAGATGGATTATGCATTAGCTTTGGCATCTACGTGCGCGGCGATACTGTGCTTGATTGCATGGTTCGCCCTTCGCGTCTTTTACTTTGAAGAAAATAGAGTGCTCACAGTAGGCAATAGTCTTGTATATATTAGCATGGGATAATGATCTAGGGCTTGCTGCTCTTTTAGGTGGCTCGGAGAGTGTAAGCAATGGTTAATAGGGGCTGTTGGGGGTCTTCGTATTATCGCGTCAGAGGTGGAATTCTTAGACTGCGCTACGACGCACGAATGCGA	0	0	0	0	29	0	0	0
Eukaryota	Alveolata	Perkinsea	Perkinsida	Perkinsida_X	Perkinsida_XX	Perkinsus	Perkinsus_qugwadi	100	72	18	18	18	18	14	14	OTU_01445	AAGTTGTTGCGGTTAAAAAGCTCGTAGTTGGATTTCTGCTGAAGATGACCGGTCCGCCCTAGGGTGTGATTCTGCGTTGTCTAAGGCATTATTCCGGGGTGTAGAGCTTTTGCTTTACAATCTGGAAATTTTACTTTGAGGAAATTAGAGTGTTTCAAGCAGGCAATTGCCTTGAATACATTAGCATGGAATAATAAGGTAGGACTTCGGTTCTATTTTGTTGGTTTCTAGAACTGAAGTAATGATTAATAGGGACAGTCGGGGGCATTCGTACTCAACAGTCAGAGGTGAAATTCTTGGATTTGTTGGAGACGAACTACTGCGA	0	0	0	0	28	0	0	0
Eukaryota	Stramenopiles	Ochrophyta	Bacillariophyta	Bacillariophyta_X	Polar-centric-Mediophyceae	Mastodiscus	Mastodiscus_radiatus	100	62	43	24	24	22	6	6	OTU_01454	ATGTTGTTGCAGTTAAAAAGCTCGTAGTTGGATCTCTACCGCGCGCGGCCGGTCCGCCCCTCACGGGGTGTGCACTGCGCCGTCGCGCGGTATCCTGGGGGAGAGCGTCCCGCGCATTAGGTTGTGTGGGTCGGGATCCTCCACGTTTACTCAAAATAAATAAGAGTGTTCAAAGCAGGCGATTGCTGTGAATTCTTCAGTTGGGAATAATAAGATAGGACTCGGGGACTATTTTGTTGGTTTGCATCTCCGAGTAATGATTAATAGGGACAGTTGGAGATATTCATATTCAGTTGTCAGAGGTGAAATTCTTGGATTTACGGAAGATGAACTACTGCGAAAG	27	0	0	0	0	0	0	0
Eukaryota	Excavata	Metamonada	Preaxostyla	Oxymonadida	Polymastigidae	Monocercomonoides	Monocercomonoides_sp.	100	11	11	10	10	10	10	10	OTU_01460	AAGCTGTTGCGGTTAAAAAGCTCGTAGTTGACATTTTATTGAAATAGGCTTCCAAATTCGATGAATTAGGAATCGCTTCAATTTCGTAATAACTTTTTGAACTTGTGTTGAATTTGAATATTTGATTTAGTTATAAGTTTTACCTTGAAGAAATTAGAATGCTTAAATTGGATTTATGTAACGAATACTTTAGCATGGGATAATGAAATTGAATTTGGAAGGATTTCGTTGGCACATCATTCCAATGTAACGATTAATAGGAATAGTTAGGGGTACTCGTATTTGATTGTCAGAGGTGAAATTCTTGGATTAATCAAAGACTATCTAGAGCG	0	6	0	0	21	0	0	0
Eukaryota	Alveolata	Dinoflagellata	Dinophyceae	Peridiniales	Thoracosphaeraceae	Pfiesteria	Pfiesteria_sp.	100	75	68	60	21	15	13	13	OTU_01467	AAGTTGTTGCGGTTAAAAAGCTCGTAGTTGGGTTTCTGTTGGTGAATGACGGTCCGCCCTTTTGTGGTGAGCACTTGACATGGCCCCAGCATCTTCTTGGGGACTATAGTGCACTTTATTGTGTGGTGTACGACCCAGGACGTTTACTTTGAGGAAATAAGAGTGTTCCAAGCAGGCGTCAGCCTTGAATACGTTAGCATGGAATGATGGCATCGGACTGCGATTCGGAGCTATTGGTTGTTTGAATCGTAGTAAAGATGAATAGGGATTGTTGGGGGCATTCGTATTTGACTGTCAGAGGTGAAATTCTTGGATTTGTTGAAGACGGACTACTGCGA	0	0	0	4	23	0	0	0
Eukaryota	Alveolata	Dinoflagellata	Dinophyceae	Peridiniales	Amphidomataceae	Azadinium	Azadinium_obesum	100	75	42	41	15	5	5	5	OTU_01502	AAGTTGTTGCGGTTAAAAAGCTCGTAGTTGGATTTCTGCCGAGGACGCCCGGTCCGTCCCTTCGGGAACGCGATCAGGGTTTTGCCGAGGCATATCTTGGTATACGTGTTGGCACTTGATTGTGCTGCACGGCTACCAGGGCATTTACTTTGAGGAAATTAGAGTGTTTCAAGCAGGCGTCTGCCTTGAATACATTAGCATGGAATAATGGGATAGGACTTCGGTCCTATTTTGTTGGTTTCTGGGACTGAAGTAATGATTAATAGGGACAGTCGGGGGCATTCGTACTTAACTGTCAGAGGTGGAATTCTTGGATTTGTTAAAGACGAACTAGTGCGA	0	25	0	0	0	0	0	0
Eukaryota	Amoebozoa	Lobosa	Tubulinea	Arcellinida	Arcellinida_X	Cryptodifflugia	Cryptodifflugia_oviformis	100	43	40	38	31	27	27	13	OTU_01505	TTTTTGCTGTAGTTAAAAAGCTCGTAGTTGGATTTCGGAATGCGTGTGTCTAGGCCGGTCTAAATGGCTTTGGCCCGACGGACGCTTCCTCTCCTTTGGGTAGTAGAACTTGTTTCTGCTCCTGATCGTTTACTGTGAACAAATTAGCGTGTTCAAAGCAGGTATAACTTTGCCTTGAATAGTTTAGCATGGGATAATGGAATAGGACCTCGGTTTTATTTTGTTGGTTTCTAAAGCTGAGGTAATGATTAATAGGGACGGTTGGGGTCGCTCGTATTGAGTTGTCAGAGGTGAAATTCTAGGATTGACTCAAGACGAACTGATGCGA	0	0	25	0	0	0	0	0
Eukaryota	Alveolata	Dinoflagellata	Syndiniales	Dino-Group-II	Dino-Group-II-Clade-46	Dino-Group-II-Clade-46_X	Dino-Group-II-Clade-46_X_sp.	100	61	61	59	59	28	28	28	OTU_01523	AAGTTGTTGCGGTAAAAAAGCTCGTAGTTGGATTTCTGTCGGGTGCCGGCGGTCCAAACCATGTTTGTGCATCTGCTTGGCGCTCGACATCCTGTTGCGGAGCGTTTCTGCGCTTGATTGCGTGGAGCGTACTGCAGCACTTTTACTTTGAGGAAATTAGAGTGTTCACGGCAGGCTGTCGCCAGAATACGTTAGCATGGAATAATACTATAGGATTCCGATCCTATTTTGTTGGTTTCTAGGTTCGGAATAATGATTAATAGGGACAATTGGGGGCATTTGTACGATCGCGTCAGAGGTGGAATTCTTGGATTGCGATCTGACAAACTACTGCGA	0	24	0	0	0	0	0	0
Eukaryota	Alveolata	Dinoflagellata	Dinophyceae	Gymnodiniales	Gymnodiniaceae	Bispinodinium	Bispinodinium_angelaceum	100	30	16	16	6	5	2	2	OTU_01532	AAGTTGCTGCGGTTAAAAAGCTCGTAGTTGGATTTCAGTCTAGGAAGGTTAACTCGCCGAAAGGTTGTACGTTGATTTTCCTCAGACTTCGTCAGAAGCTCGTGCTGCACTTAACTGTGTGGTACGATGTTCTGACCTTTTACCTTGAGGAAAGTAGAGTGTTTCAGGCAGGCTACCCAGCTTGAATACATTAGCATGGAATAATGAAATGGATCTCGGTTCGATTTCGTTGGTTCTAGAGCTGAGGTGATGATCAATAGGAACAGGCGAAGGTATTCGTACTTGAGAATGAGGAGTGAAATCCGATGATCTCTTAAAGACGATCCGAGGCGA	0	0	0	24	0	0	0	0
Eukaryota	Alveolata	Dinoflagellata	Dinophyceae	Gymnodiniales	Gymnodiniaceae	Spiniferodinium	Spiniferodinium_palustre	100	77	71	70	29	25	14	10	OTU_01534	AAGTTGCTGCGGTTAAAAAGCTCGTAGTTGATATTCTGGCAGGGTCGACTGGTCCACCTTCTGGGTGAGAATTTAGCTTGGCTCGGCCACTTTCTGGCGAAGCTTTTTCACACTTGATTGTGTGAGAAGCTGCTCAGATCTTTAGTTTGAGGAAATTAGAGTGTTTCAAGCAGGCGCACGCCTTGAATATGTGAGCATGGAATAATAAGATCTTGCCTCGACTCTGCTTTTGTTGGTTCCCATTGTTGGGGTAAGGATTTGTAGGGCCAGTTGGGGGCATTCGTATTTAACTGTCAGAGGTGAAATTCTTGGATTTGTTAAAGATGGCCCAGTGCGA	0	0	0	0	24	0	0	0
Eukaryota	Amoebozoa	Conosa	Archamoebea	Mastigamoebida	Mastigamoebidae	Mastigamoeba	Mastigamoeba_simplex	100	38	32	27	18	18	18	18	OTU_01541	AAGTTGTTGCGGTGAAAAAGATCGTAGTTGACATCTTACTGAAATCTGCTTTTCATTTCGATGACTTTGAATTAGACTTAATTTCGTAATAACTTCATGTATTTGTGTTGAATTTGAATATTTGACTCGGATCTAGGTTTTACCTTGAAGAAATTAGAATGCTTAAATTAGATGAATGTAATGAATACTTGAGCATGGAATAATAAAATTGAATTTGGAAAGATTTCGTTGGTACATCATTCCAATGTAACGATTAATAGGAATAGTTAGGGGTACTCGTATTTGATTGTCAGAGGTGAAATTCTTGGATTAATCAAAGACTATCTAGAGCG	0	0	0	0	24	0	0	0
Eukaryota	Archaeplastida	Streptophyta	Coleochaetophyceae	Coleochaetophyceae_X	Coleochaetophyceae_XX	Coleochaete	Coleochaete_orbicularis	100	35	26	2	2	2	2	1	OTU_01547	AAGTTGTTGCAGTTAAAAAGCTCGTAGTTGGATTTCGGGTTGCGCCGGCCGGTCCGCCCATGCGGTGTGCACTGGCCGGCGCTTCCTTCCGTCTGGAGGCCGTCACTTCCCTTAACTGGGCGGTGCCGGGGTTCAGATCGTTTACTTTGAAAAAATTAGAGTGTTTAAAGCAGGCTATTGCTCTGAATACATTAGCATGGAATAATGGAATAGGACTTTGGTCCTATTTTGTTGGTTTTCGGGACCGAAGTAATGATTAATAGGGACAGTTGGGGGCATTCGTATTTAATTGTCAGAGGTGAAATTCTTGGATTTATGAAAGACGAACTTCTGCGA	0	0	0	0	24	0	0	0
Eukaryota	Rhizaria	Foraminifera	Monothalamids	Monothalamids_Clade-Y	Reticulomyxidae	Haplomyxa	Haplomyxa_saranae	100	30	29	22	18	18	18	18	OTU_01549	ACGTTGTTGCAGTTAAAAAGCTCGTAGTTGAAATTTAGATATAATTAAATATCTGACAGATTTTTATATAGATAAATGCAAATTTTTTTATACAAAAAAATGTCTTTTACTGTGAACAAATTAAAGTGCTCAAAGCAGGTAATAGCCTGAATAGTAAAGCATGGAATAATAAAAAATGACTTATTTTATTTTTATTGGTTATTAAAATAAGTAATGGTTAACAGAAACAGTTGGGGGCATTCGTATTTATTAGCAAGAGGTAAAATTCTTTAATTTAATAAAGACGAACTAAAGCGA	23	0	0	0	0	0	0	0
Eukaryota	Opisthokonta	Fungi	Chytridiomycota	Chytridiomycotina	Chytridiomycetes	Rhizophydium	Rhizophydium_chlorogonii	100	76	60	24	24	23	14	5	OTU_01560	AAGTTGTTGCAGTTAAAAAGCTCGTAGTCGAATTTCGGGATTATTCACATGGTCTTGCTTTGCAAGTACTTTGTGGGTTTTCCTTTTTTCTTGGTAGATTACACACTGTGTAAAATGTCAAGACTTTTACTTTGAATAAATTAGAGTGTTTAAAGCAGGCTTTTGCTTGAATACATTAGCATGGAATAATAAAATAGGACTTTGGTTTTATTTTGTTGGTTTTAAGAACCAAAGTAATGATTAATAGGGACAGTTGGGGGCATTAGTATTTAGAAGTCAGAGGTGAAATTCTTGGATTTTCTAAAGACTAACTAGTGCGA	0	23	0	0	0	0	0	0
Eukaryota	Opisthokonta	Metazoa	Arthropoda	Crustacea	Malacostraca	Apherusa	Apherusa_bispinosa	100	67	64	45	17	17	3	3	OTU_01570	ATGTTGCTGCGGTTAAAATGTTCGTAGTCGAATATGCGGTTGGCTGAATCTGGTGTGAAAGCTCGAGACGTGATACCTGACCACTTGTGAAGCGAATTTCAGGGTTCCGTATTTTCTGTGGTGTCACTGTGAGTAAATTGTAGCGTTTAAGGCAAGTTTGTCTGGAATATTTTAGCATGGAATGGAATTCGCTGCCACTTTCTTGATCTTTTCTTTAGATTGGGATTGGGATTAAAAGAAGCAGTTGGGGGCATTCGTATTTCAAAGTTAGAGGTAAAATTCTTAGATCTTTGTAGGACGTACATTTGCGA	0	0	0	0	23	0	0	0
Eukaryota	Alveolata	Dinoflagellata	Dinophyceae	Gymnodiniales	Gymnodiniaceae	Gymnodinium	Gymnodinium_impatiens	100	73	62	62	20	17	9	9	OTU_01578	AAGTTGTTGCGGTTAAAACGCTCGTAGTTGTACTTCTGTTGAGAATAACCCGTCTGCCTTCTGGGTATGTATGTGGTCTATTCTTGGCATACTCTTGGGATCTTGTCTGCACTTGACTGTGTGGGTAATACTCCAGGACTTTTACTTTGAGGAAATTAGAGTGTTTCACGCAGGCTATGCTTGAATACATTAGCATGGAATAATGATAAAGAACCTATGTGCAACTTGTTGGTTTGTGCGTGTGGGTGTTGTTCAATAGGAACAGTTGGGGGCATTTGTATTTAACTGTCAGAGGTGAAATTCTTAGATTTGTTAAAGACAAACTTATGCGA	0	0	0	0	23	0	0	0
Eukaryota	Alveolata	Dinoflagellata	Syndiniales	Dino-Group-II	Dino-Group-II-Clade-16	Dino-Group-II-Clade-16_X	Dino-Group-II-Clade-16_X_sp.	100	67	66	66	66	65	65	65	OTU_01588	AAGTTGTTGCGGTTAAAAAGCTCGTAGTTGGGTTTCTGCCGCAGCCCTGCGGTCCGCGCTTTGCGCGAGTACTCGTAGCGGCGTCGGCATCTCTCAGGCGTCCGCGACCGCGCTTGGTTGCGCGGCGCAGGCGCCTGGGCGTTTACTTTGAGGAAATTAGAGTGTTCACGGCAAGCGCGAGTTTGAATATGTTAGCATGGAATAATATCAAAGGGCCTCGGGTCTATTTTGTTGGATTCTGGATCTGGGGCAATGGTTAATAGGGATAATTGGGGGCATTCGTACTAACGCGTCAGAGGTGGAATTCTTGGATTGCGTTATGACGAACTACTGCGA	0	0	0	22	0	0	0	0
Eukaryota	Alveolata	Dinoflagellata	Syndiniales	Dino-Group-II	Dino-Group-II-Clade-1	Dino-Group-II-Clade-1_X	Dino-Group-II-Clade-1_X_sp.	100	56	56	50	50	32	32	32	OTU_01604	AAGTTGTTGCGGTAAAAAAGTTCGTAGTTGGATTTCTGTTGACGACGACCGGTCCGTACCGCGTACGCGCATCTGGTTCGGCCTCGGCATCCTCTCGATAGACGCTTCTGCGCTTGACTGCGTGGTGCGGACTTCGGTACTTTTACTGTGTAGAGTGTTCACGGCAGGCTATCGCCAGAATACACTAGCATGGAATAATAATACAGGATCTCGGTTTTATCTTGTTGGTTTCTAGACTCGGGGCACTGATTAGTAGGGACAACCGGGGGCATTTGTATCAGCACGTCAGAGATGGAATTCCTGGATTGTGTTGCGACAAACTACCTCGA	21	0	0	0	0	0	0	0
Eukaryota	Opisthokonta	Metazoa	Arthropoda	Hexapoda	Insecta	Chironomus	Chironomus_tepperi	100	62	50	34	17	17	3	3	OTU_01642	ATGTTGCTGCGGTTAAAATGTTCGTAGTCGAATATGTGGTTGGTCAAATCGGGTGTGAAAGCTAGAGACGTGATACCCGACTGCGCATGAGGCGAATTCTAGGGTTCTGTACCTTACGTGGTGTCACTGTGAGTAAATTGTAGCGTTTAAGGCAAGTTTGTCTGGAATACCTTAGCATGGAATGGAATTGCTGTCTCTATCTACGTCTTTTCTTTAGATTGGGACTTGGATTAAAAGAAGCAGTTGGGGGCATTCGTATTTCAAAGTTAGAGGTAAAATTCTTAGATCTTTGTAGGACGTACATTTGCGA	0	0	0	20	0	0	0	0
Eukaryota	Alveolata	Dinoflagellata	Syndiniales	Dino-Group-II	Dino-Group-II-Clade-46	Dino-Group-II-Clade-46_X	Dino-Group-II-Clade-46_X_sp.	100	28	20	11	11	7	7	7	OTU_01663	AAGTTGTTGCGGTAAAAAAGCTCGTAGTTGGATTTCTGTGAGGTCGGCCTGGTCCGCTCTATGAGTGTGTATTTGGGACTGACTTTGCATCCTGGTCGGAATTGTTACTGCGCTTCAGTGCGTGGTGCAAGTTCGGCCACCTTTACTTTGAGGAAATTGGAGTGTTTACGGCAGACGTTGTCATGAACAGTTTAGCATGGAATAATACCATAGGATCTCATTCCTATTTTGTTGGTTTCTAGGAAAGAGATAATGATTAATAGGGACGACTGGGGGTACTTGTATCATGACGTCAGAGGTGAAATTCTTGGATTGTCATGCGACAAACTGCTGCGA	0	0	0	19	0	0	0	0
Eukaryota	Amoebozoa	Conosa	Archamoebea	Mastigamoebida	Mastigamoebidae	Mastigamoeba	Mastigamoeba_simplex	100	26	22	18	15	15	13	13	OTU_01692	AAGTTGTTGCGGTTAAAAAGCTCGTAGTTGACATCTTACTGAAATAAGCTTTTCATTTCGATGACTTTGGAATAGCTTCCATTTCGTAATAACTTCATGATTTTTTGTTGAATTTGAATATTCGACTTGGCTCTAAGATTTACCTTGAAGAAATTAGAATGCTTAAATTAGATGTATGTAATGAATACTTTAGCATGGAATAACAAAATTGAATTTGGAAAGATTTCGTTGGTATATCATTCCAATGTAACGATTAATAGGAATAATTAGGGGTACTCGTATTTGATTGTCAGAGGTGAAATTCTTGGATTAATCAAAGACTATCTAGAGCG	0	0	0	0	18	0	0	0
Eukaryota	Alveolata	Dinoflagellata	Dinophyceae	Gonyaulacales	Gonyaulacaceae	Gonyaulax	Gonyaulax_verior	100	19	15	15	7	3	3	1	OTU_01697	AAGTTGCTGCGGTTAAAAAGCTCGTAGTTGAGTCTCTAGCAAGGTCGACTGATCCATCTTCAGGGTGCGAATTTAGCTCGGCTCAGCTTCTTTCTGGCAAGGCTTCTCTGCACATCGGTCTGCAGATAGCTGCGCTGGCTTTTATTTTGAGAAAAATAAAGTTCTTCAAGCAGGCGTACGTCATGGATATGTGAGCATGGAATAATCATATATGCCTCGGCTCATATCTTGTTGGTTTCCATTGCTGAGGCAAAGGGTTGTAGGGCCAGATGGGGGCACTCGCATTTAACTGTCAGAGGTGAAATTCTTGGATTTGTTAAAGACGGCCCAGTGCGA	0	0	0	0	18	0	0	0
Eukaryota	Rhizaria	Foraminifera	Monothalamids	Monothalamids_Clade-C	Monothalamids_Clade-C_X	Shinkaiya	Shinkaiya_lindsayi	100	18	15	13	11	11	11	11	OTU_01747	AAGTTGTTGCGGTTAAAACGTTCGTAGTCGATAATCGAGAATTATCGTTTATTGGAAATTGGATTTTTTTTTGGGAGTAGTGCATCGTAGTATACCTATGATTTAGCATCTATGTTACTGTGAGTAATTTAAAGTGTTCAAAGCAGGCTACTGTTTAGGGTGTCGTAGCATAGTATACATTGATTTCTGAGTACGGTTGTCAGTAATTTATTCGGTTCAAATTTTACAGGGGCGGACAGGGACATTCGTACTTCATTGTCAGAGGTAAAATTCTAGGATTTTTGTATGACGAACGGAAGCGT	0	0	0	0	16	0	0	0
Eukaryota	Alveolata	Dinoflagellata	Dinophyceae	Peridiniales	Protoperidiniaceae	Protoperidinium	Protoperidinium_fukuyoi	100	57	55	55	32	17	17	5	OTU_01752	AAGTTGTTGCGGTTAAAAAGCTCGTAGTTGGACTTGTACGAAGGTTCGTTGGTCCGCCCTTTGGGTGAGCACTTTACGATGTCCGTCGTCTCTCTGGAGAACGTCGCCTTCCTTGTGTTGGTACGGTATCCGGAGCATTTACTTTGAGGAAATTAGAGTGTTCTCGGCAGGCATTTGCCTTGAATATGTTAGCATGGAATAATGCGAAAAGGCCTCGGTTTTTCTTGTTGGTTTCTAACCCCGAGGTGATGATTAATATGAGCTGTTGGGGGCATCTGTATTTAACTGTCAGAGGTGAAATTCTTGGATTTGTTAAGGACAGACTAGTGCGAAAG	0	0	0	0	16	0	0	0
Eukaryota	Alveolata	Dinoflagellata	Syndiniales	Dino-Group-II	Dino-Group-II-Clade-46	Dino-Group-II-Clade-46_X	Dino-Group-II-Clade-46_X_sp.	100	12	4	1	1	1	1	1	OTU_01773	AAGTTGTTGCGGTTAAAAAGCTCGTAGTTGGATTTCTGATCGGAGTTGTCGGGTCAGCCCATCGTTGTATCTAGACATGCTCCGGTCATATGCTACTCACTCACCCTCTGGCCTTAACTGGTTAGAGTCTGAACGTAGCGCTTTACTGTGAACAAATTAGAGTGTTTCTAGCAGGCTCTCGCCTTGAATATATTAGCATGGAATAATGACATAGGATCTCGGATATATTTGTTGGTTTATACATTCGAGATAATGATTAATAGGGACTGATGGGGGTATTCGTATTCATTTGTCAGAGGTGGAATTCTTGGATTTAATGAAGACGAATTTCTGCGA	0	0	0	15	0	0	0	0
Eukaryota	Alveolata	Ciliophora	Phyllopharyngea	Suctoria	Ephelotidae	Ephelota	Ephelota_mammillata	100	74	73	54	46	39	39	21	OTU_01787	ATGTTGTTGCAGTTAAAAAGCTCGTAGTTGAACTTCCGGCAAGATATCATCTTGTCTGTCTGTTTGGGTTTACGATGAAGAAATGACTTGTAAATTCGACAGGCTTTTACCGTGAACAAAATAGAGTGCTCAAAGCAGGCGTTTGCTTGAATAATACAGCATGGAATAATGAAATAGGACTTTATCCATTTTATTGGTTATTGGATGAAGTAATGATTAACAGAAACAGTTGGGGGCATCAGTACTTAATAGTCAGAGGTGAAATTCTTAGATTTATTAAAGACTAACTAATGCGA	14	0	0	0	0	0	0	0
Eukaryota	Alveolata	Perkinsea	Perkinsida	Perkinsida_X	Perkinsida_XX	Perkinsus	Perkinsus_qugwadi	100	55	11	10	10	4	4	3	OTU_01806	AAGTGGTTGCGGTTAAAAAGCTCGTAGTTGGATTTCTGTCTTAAGTGACCGTCCCACCTTCGGGTTGGTGACAGGTTCGCTAAAGACTTACGTTTTGTAAACACGGTATCACCTTGTTGTGGAACCGGTTTCTAAACACGTTACTTTGAGGAAATTAGGTTTCTGGAACTAAGGTATTGATTAATAGGAACAGTCGGGGGCATTCGTACTTAACAGTCAGAGGTGAAATTCTTGGATTTGTTAAAGACGAACTAATGCGA	0	0	0	0	14	0	0	0
Eukaryota	Apusozoa	Hilomonadea	Planomonadida	Planomonadidae	Planomonadidae_Group-1	Ancyromonas	Ancyromonas_atlantica	100	31	29	29	29	29	17	15	OTU_01811	AAGTTGTTGCAGTTAAAAAGCTCGTAGTTGGATTTTGGATATCGTTCGTCGGTCCGCCGCAAGGTGAGTACTAACGAGTGGTGTCTTCCGGCTGAAGGCTGTGTGTGCTCTCTGAGTGTGCATAGAATTCAGCCAATTTACTTTGAAAAAATTAGAGTGTTCAAAGCAGGCCTTTGGCTTGAATACATTAGCATGGAATAACAGAATAGGACTTTGGCTCTATTTTGTTGGTTTCTAGGACCGAAGTAATGATTAATAGGGATAGTTGGGGGCATTAATATTTAATTGTCAGAGGTGAAATTCTTTGATTTATGAAAGATTAACTTCTGCGA	0	0	0	0	0	0	0	14
Eukaryota	Opisthokonta	Metazoa	Ctenophora	Ctenophora_X	Ctenophora_XX	Haeckelia	Haeckelia_rubra	100	59	41	25	25	25	9	9	OTU_01817	AAGTTGTTGCAGTTAAAAAGCTCGTAGTTGGATTTCGGGTTAGTTCGACCGGTCCGCCCTTGCGGTGTGCACTGGCCGGATTCTCCTTCCATCTGGAGGCCAGTCCTTATCTTAACTGATCGGGGCTGGGGTTCAGATCGTTTACTTTGAAAAAATTAGAGTGTTTAAAGCAGGCCTATGCTCTGAATACATTAGCATGGAATAATAGAATAGGACTTTGGTCTTATTTTGTTGGTTTTCGAGACCGAAGTAATGATTAATAGGGATAGTTGGGGGCATTCGTATTTAATTGTCAGAGGTGAAATTCTTGGATTTATGAAAGACGAACTTCTGCGA	0	13	0	0	0	0	0	0
Eukaryota	Rhizaria	Foraminifera	Monothalamids	Monothalamids_Clade-C	Monothalamids_Clade-C_X	Shinkaiya	Shinkaiya_lindsayi	100	18	16	12	9	9	9	9	OTU_01839	TTGATGCTGCAGTTAAAACGCTCGTAGTTGGATTGAAAAGGATAATTTATTGATAGGTTGGTCGTAGCAGATGCTATTGTACTACTATCGATCCTTTTTTTAGTATTAGTGTATCTATAATGTACTTAATTGTATGTTATATCTAGCAATAGACTTAGGAGACCTAATAAATTTACTTTGAGTAAAATAGAGTGTTTAAAGCAACCTGTAATTGGGGTACTGTATATTTCAGCATGGGATAATAGAATATGACTTGTATTAGTTTGGTTTTAGTAATATAAGTAATGATTAATAGGGACAGTCGGGGGTAATTGTATTTAGTTGTTAGAGGTGAAATTCAGTGATCTACTAAAGACAAACCAAAGCGAAGGC	0	0	0	0	13	0	0	0
Eukaryota	Alveolata	Perkinsea	Perkinsida	Perkinsida_X	Perkinsida_XX	Perkinsus	Perkinsus_qugwadi	100	52	6	3	3	3	3	2	OTU_01840	AAGTTGTTGCGGTTAAAAAGCTCGTAGTTGGATTTCTGTTGAGGTTGACCGGTCTGTCGTTTGATGTGATTTGGTTCGACTGAGACAATTTTTTGGTGTTGTCAAATATTGCATTTTTCAATAACCAAATTTTTACTTTGAGGAAATTAGAGTGTTTCAAGCAGGTTTAATGCCATGAATACTTTAGCATGGAATAATAAGGTATGACTTAGGTTTTATTTTGTTGGTTTCTAAAGCTTAAGTAATGATTAATAGGGACAGTCGGGGGCATTCGTATTTAATTGTCAGAGGTGAAATTCTTGGATTTGTTAAAGACGAACTAATGCGA	0	0	0	0	13	0	0	0
Eukaryota	Alveolata	Dinoflagellata	Dinophyceae	Peridiniales	Diplopsalidaceae	Diplopsalopsis	Diplopsalopsis_bomba	100	24	21	21	17	14	6	6	OTU_01845	AAGTTGTTGCGGTTAAAAAGTTCGTAGTTGGATTTTTGTTGAAGACGGGGGGGTCCACCCTTTGGGTGCGTATTCTGGCTGTCTTCGGCACTGGCGCAGAGGGCCGCTCTGCAGTTGATTCTGTGGGGTGGAACTCGCGGCCTTTTACTTTGAGGAAATTAGAGCGCTTCGAGCCAGCATCTGCTAATATACACTAGCATGGAATAATACGTGAGAATCTTGAATTTGTTTTGTTGGTTTCAGACACAAGATTTTGATTGATAGGGATAGCTGGGGGCATTCGTATTTGATTGTTAGAGGTGAAATTCTTGGATTTGTCAAAGACGCCCTACTGCGA	12	0	0	0	0	0	0	0
Eukaryota	Alveolata	Dinoflagellata	Dinophyceae	Gonyaulacales	Gonyaulacaceae	Amylax	Amylax_triacantha	100	46	36	35	10	5	5	5	OTU_01872	AAGTTGTTGCGGTTAAAAAGCTCGTAGTTGGACTTGTGCGAAGGTTCGCTGGTCTGCCCTGTGGGTTTGCACCTTGCGATGTCCGTCGTCTCTCTGGAGAACGTTTCGAGGTTCGCGCCTCGTGCGGTATCCGGAGCATTTACTTTGAGGAAATTAGAGTGTTCTCGGCAGGCTTTTGCCTTGAATATGTTAGCATGGAATAATGCGAAAAGGCTCGGGCTTTTCTTGTTGGTTACAAACGCTTGAGTGATGATTAATATGAGCTGTTGGGGGCATCTGTATTTAACTGTCAGAGGTGAAATTCTTGGATTTGTTAAGGATAGACTAGTGCGAAAG	0	0	0	0	12	0	0	0
Eukaryota	Opisthokonta	Fungi	Ascomycota	Pezizomycotina	Dothideomycetes	Phoma	Phoma_incompta	100	66	40	26	18	13	5	5	OTU_01885	AAGTTGTTGCAGTTAAAACGCTCGTAGTTGAAGCGGATTGAGTTGCGGTTCCGCCGCGAAAGCGGTGGATCAGTGGTTCGGTCTTTCGGTGCGTAACCGCACCGGGTTACTTTGAAGAAATTAGAGTGTTCAAAGCAAGCATCGCTTGAATACGTTAGCATGGAATAACAGTCGGACTCTGCTCCGTTGGTTTGGGGGGCTGAGGAAAAGTGGTTAATAGGGACAATTGGGGGCATTAGTATTCAGTAGTCAGAGGTGAAATTCTTGGATTTACTGAAGACTAGCTAGTGCGT	0	11	0	0	0	0	0	0
Eukaryota	Alveolata	Dinoflagellata	Dinophyceae	Prorocentrales	Prorocentraceae	Plagiodinium	Plagiodinium_belizeanum	100	57	56	56	14	14	11	9	OTU_01914	AAGTTGTTGCGGTTAAAACGCTCGTAGTTGGACTTCTGGCTTGGACGACCGGTCCGTCCCTTGGACGCGTATCTGGCTCGGCCTAGCCATCTTGGTTGCGGTTGTGCCCTTCATTGGGTTCGCCGTTACCCGATTACTTTGAGGAAATGAGAGTGTTCTAAGCAGGCGTTCGCCTTGTATACTTTAGCATAGAATAATAAGATAAGATCTGGGTCTTGTTTTGTTGGTTCACCGGGCTCGGATAATGATCAAGAGGAACAGGTCGGGGGCATTCGTATTCAACTGTCAGAGGGTCTTGGATTTGTTGAAGACGGACTACTGCGA	10	0	0	0	0	0	0	0
Eukaryota	Opisthokonta	Metazoa	Cnidaria	Cnidaria_X	Anthozoa	Isosicyonis	Isosicyonis_striata	100	44	30	5	5	5	5	5	OTU_01915	AAGTTGTTGCAGTTAAAACGCTCGTAGTCTGAGGTGGTGCTAGTGGGGGCGCGGCCTTATTTAGGCTGTGCTCTTGCAGCGCTTTTTTGTTATACTTAGGTGTGACAAGGTTACTTTGAGGAAATTAGAGTGTTCAAAGCAGGCGTTTGCTTGGATACTGCAGCATGGAATAACGGAATAGGGCTTGCCGTCTTATTTTGTTGGTTTGGAGGGGCGAGTAATGATTAATAGGGGCGGTTGGGGGCATTGGTATTTGGTAGCTAGAGGTGAAATTCTTGGATTTACCAAAGACTAACTAGTGCGA	0	10	0	0	0	0	0	0
Eukaryota	Opisthokonta	Metazoa	Annelida	Annelida_X	Annelida_XX	Manayunkia	Manayunkia_athalassia	100	67	51	7	7	6	3	3	OTU_01947	AAGTTGATGCAGTTAAAAAGCTCGTAGTCTGAGGTTTGGGCGCGGGGGTGGCGGGGGCGCAAGCTCCTGTTTGCCTTTGTGCCCAATTTTTGTGGACGGGTGGTGCGGGGCTCTTTGTTGAACCTCGCACCGCTGCCACGGCTTTACTTTGAGAAAATTGGAGTGTTCAAAGCAGGCGTTTTTGCTTGAACAGATTAGCATGGAATAATGGAACAGGACTTTGGCCTTGTTTTGTTGGTTTCCGGGGCCGAGGTAATGATAAGTCGGGACAGTTGGGGGCATTCGTATTTAGTTGTCAGAGGTGAAATTCTTGGATTTACTACAGACGAACATCTGCGA	0	9	0	0	0	0	0	0
Eukaryota	Excavata	Discoba	Euglenozoa	Euglenida	Rhabdomonadales	Menoidium	Menoidium_cultellus	100	20	17	17	17	14	10	5	OTU_01949	AAGTTGCTGCGGTTAAAAAGCTCGTAGTTTGATATCTGTCAATGCTTTTCGGTCTGCTCTTTGAGATGGATTATGCATTCGCTTTGGCATCTACGCGTGAATCGGTGCTGTGCTTGATTGCATGGCTCTGTACTCGCGTCTTTTACTTTGAAGATAAAAGGGTTGTCACAGTGGACAATTGTCTTTAATATATTAGCATGGGATAATAATCTAGGGTTTCGTGCTCTTTCAGGTGGCTCGAAGAGTGGAAGCAATGGTTAATAGGGGCTGTTGGGGGTCTTCGGATTATCGCGTCAGAGGTGGAATTCTTAGATTGCGCTACGACGCACGAATGCGA	0	9	0	0	0	0	0	0
Eukaryota	Archaeplastida	Chlorophyta	Mamiellophyceae	Mamiellales	Mamiellaceae	Mantoniella	Mantoniella_antarctica	100	61	61	61	59	59	44	31	OTU_01964	AAGTTGTTGCAGTTAAAAAGCTCGTAGTTGGATTTCGGGATCGAGCTGACGGTCCGCCGCGAGGCGAGCCACCGTCTGTCCCAGCCCCTGCCTGTCGGCGCCTCCTCGATGCTCTTAACTGAGTGTCCCGCGGGGTCCGAAGCGTTTACTTTGAAAAAATTAGAGTGTTCAAAGCGGGCTTACGCTTGAATATTTCAGCATGGAATAACACTATAGGACTCCTGTCCTATTTCGTTGGTCTCGGGACGGGAGTAATGATTAAGAGGAACAGTTGGGGGCATTCGTATTTCATTGTCAGAGGTGAAATTCTTGGATTTATGAAAGACGAACTTCTGCGA	0	0	0	0	9	0	0	0
Eukaryota	Excavata	Discoba	Euglenozoa	Euglenida	Euglenales	Euglena	Euglena_satelles	100	21	21	21	16	10	8	8	OTU_01967	AAGTTGTTGCAGTTGAAACGCTCGTAGTCGGACTTCTTTTCCACCCTTGTGGAAAATCTGCTGATCATCTTGCTGATCATCACGATCGGTAAGTCAATGACAGCATGTCACCTTGAGGAAATTAAAGTGTTCAAGGCAGGCTTAGCCTGAATACTGTAGCATGGAATGGCACCATTGTGCAAACAAGAGGTGCGGGTGCTCTTGTGAGGCAAAGGTCGATAGGGGCAGTCGTGGGCATTGGTACTGGGGCGTGAGAGGTGAAATTCTTGGATCGTCTCAAGACCAACGAAAGCGA	0	0	0	0	9	0	0	0
Eukaryota	Archaeplastida	Chlorophyta	Mamiellophyceae	Mamiellales	Bathycoccaceae	Bathycoccus	Bathycoccus_oceanicus	100	68	68	68	68	68	68	68	OTU_01972	AAGTTGTTGCAGTTAAAAAGCTCGTAGTTGGATTCTGGTTAAGAGGGCGCGGTCGGCCGTTTGGTCTGTACTGCGTTGTCTTGACTTCCTGATGAGGACATGCCCTTGGTTAACGCTGAGACATGGAGTCATCGTGGTTACTGTGAAAAAATTAGAGTGTTTAAAGCAGGCTTATGCCGTTGAATATATTAGCATGGAATAATAAGATAGGACTTTGAGTCTATTTTGTTGGTTTGTGAATCAAAGTAATGATTAATAGGGACAGTTGGGGGTATTCGTATTTCATTGTCAGAGGTGAAATTCTTGGATTTCTGAAAGACGAACTACTGCGA	8	0	0	0	0	0	0	0
Eukaryota	Alveolata	Dinoflagellata	Dinophyceae	Dinophysiales	Dinophysiaceae	Dinophysis	Dinophysis_infundibulum	100	47	35	35	3	3	2	0	OTU_01973	AATTTGTTGCGGTTAAAAAGCTCGTAGTTGGATTTTAGTCAATGTTGCCCGGTCCGTCTGCATAGATGTGTATCTGGCGCGACAGAGACGCCTTCTGAATGTAGTTCATTTCTTAATTGATTTGAGTGAAATTCAGGTTTTTACTTTGAGGAAATTAGAGTGTTTCAAGCAGGCTTATGCCTTGAATATATTAGCATGGAATAATATTATAGGACTTTGGTTCTATTTTGTTGGTTTATAGAACAAAAGTGTTGATTAATAGGGACAGTCGGGGGCATTTGTACTTAACTGTCAGAGGTGAAATTCTTGGATTTGTTAATGACAAACAATTGCGA	0	8	0	0	0	0	0	0
Eukaryota	Alveolata	Dinoflagellata	Dinophyceae	Prorocentrales	Prorocentraceae	Prorocentrum	Prorocentrum_nux	100	80	43	43	13	13	12	7	OTU_01975	AAGTTGTTGCGGTTAAAAAGCTCGTAGTTGGATTTCAGCTTGAGTTTACCGATCCCTCTCTGAGGGACTCTGGTAATACGACGGCATTTCTTGATTTGCGGCATTGTACTTGATTGTACTGTGCCCACTTCAGGGCATTTACTTTGAGGAAATTAGAGTGTTTCAAGCAGGCTTACGCCTTGAATACATTAGCATGGAATAATAAGATAGGGCTTTGGTCCTATTTTGTTGGTTTCTGGGACTGAAGTAATGATTAATAGGGATAGTCGGGGGCATTCGTACTTAACTGTCAGAGGTGGAATTCTTGGATTTGTTAAAGACGAACTACTGCGA	0	8	0	0	0	0	0	0
Eukaryota	Opisthokonta	Fungi	Cryptomycota	Cryptomycotina	Cryptomycotina_X	Cryptomycotina_XX	Cryptomycotina_XX_sp.	100	55	36	26	26	26	26	26	OTU_01978	AAGTTGTTGCAGTTAAAACGCTCGTAGTCTGAGGTGGTGTTTGGGAGGGTTTGGCCTTGAGAAATTGAGGCTGTGCCCTTGCAGCGCTTTTTTGTCATACTTAGGTGTGACAAGGTTACTTTGAGGAAATTAGAGTGTTCAAAGCAGGCGTTTGCTTGGATACTGCAGCATGGAATAACGGAATAGGGCTTGCCGTCTTATTTTGTTGGTTTGGAGGGGCGAGTAATGATTAATAGGGGCGGTTGGGGGCATTGGTATTTGGTAGCTAGAGGTGAAATTCTTGGATTTACCAAAGACTAACTAGTGCGA	0	8	0	0	0	0	0	0
Eukaryota	Alveolata	Ciliophora	Nassophorea	Nassophorea_X	Discotrichidae	Lopezoterenia	Lopezoterenia_sp.	100	67	65	45	45	41	11	11	OTU_01998	AAGTTGTTGCAGTTAAAAAGCTCGTAGTTGAACTTCTACTAGATTTTCGTTGCCTTTCGGTTTGATGAGAATCTGGTATCCCCTTTGATCTATCGGCATGCACTTAGTTGAGCAGTTGTAAGATCAAGGAATTTACTTTGAAAAAATTAGAGTGTTTCAGGCAGGCGAATTGCTGGAATACATTAGCATGGAATAATAGAACACGACCTCTTTGTCAATTTATTGGTCTTTTGGTAGGAGGTAATGATTAACAGGGACAGTTGGGGGCATTAGTATTGTATTGTCAGAGGTGAAATTCATTGATTAATGCAAGACTAACTTATGCGA	0	0	0	0	8	0	0	0
Eukaryota	Opisthokonta	Fungi	Basidiomycota	Agaricomycotina	Agaricomycetes	Hyphodontia	Hyphodontia_crustosa	100	42	19	4	4	4	3	3	OTU_02011	AAGTTGTTGCAGTTAAAAAGCTCGTAGTTGAAGGAGGGGCGACGGGACGGGGTGAATCGCAAGATTGGACGCTGTCGCGTTGCCCAGAGAGGGCGGCAGGCTGGGGGCCGAGCGATCGGGACCGGGCCAGACCGACCGAGTTACTGTGAAGAAATTAGAGTGTTTAAAGCAAGTAGGATAGCTTGAATAGGCCAGCATGGAATAACAAGATAGGACATTGGGCCTCTTGTTGGTTTGGGGACGAGTGTAATGATTAATAGGGCCAGTTGGGGGCATTAGTATTTGGTAGTCAGAGGTGAAGTTCTTGGATTTACCAAAGACTAACTAGTGCGA	7	0	0	0	0	0	0	0
Eukaryota	Excavata	Discoba	Euglenozoa	Euglenida	Rhabdomonadales	Distigma	Distigma_proteus	100	23	23	22	20	9	9	5	OTU_02017	AAGTTGTTGCTGTTAAAACGCTCGTAGTCGAGATTGGACGCTGCCCGAACTGTCCGTCCTAGTGGCGTGCACGGTGCGGGCGGTGTCTCTGTGTGCGCGTGGCTTTGTCGCGAGCACACCATTTACCTAAAGGAAATCGAATCGCTCCAAGAAGGCCTTTGGCCGTGGACGCTTCAGTTTGGAATAATGAAATATGACATTGTCTCTTTTTCGTTGGTTTATAGAGTGATGTAATGATTAATGGGAACGGTTGGGGTTGTCTGTACTTCCAGGTTAGAGGTGAAATTCAGTTATCCAGGAAAGACAAACTACTGCGA	0	7	0	0	0	0	0	0
Eukaryota	Opisthokonta	Fungi	Chytridiomycota	Chytridiomycotina	Chytridiomycetes	LKM11-Rozella	LKM11-Rozella_sp.	100	65	24	2	2	2	2	2	OTU_02020	ATGCTGCTGCAGTTAAAACGCTCGTAGTCGAAGGTGGGTGGTGGGTTGGGGGGAGGCGTGAGCTTTCTCCCAACTCTCCGCCTTTGGGGGGAGACTCCCGGTTACTTTGAAGAAATTAGAGTGTTCAAAGCGGGCATTTGCTTGAATACATTAGCATGGAATAACGGTGGACTTTTAGCCATTAGTTGGTTTGGGGCTTGAAGAGAGGATTAAGAGGGACAGATGGGGGCATTGGTATTCAGTAGTCAGAGGTGAAATTCTTGGATTTACTGAAGACTAACTAGGGCGA	0	7	0	0	0	0	0	0
Eukaryota	Excavata	Metamonada	Fornicata	Fornicata_X	Retortamonadida	Chilomastix	Chilomastix_caulleryi	100	17	8	7	7	7	7	7	OTU_02023	ATGTTGCTGCGGTTAAAATGTTCGTAGTCGAATATGTGGTTGGCCAAATCTGGTGTGAAAGCTAGAGATGTGATACCTGACCGCGGGTGAGGAGAATTCTAGGGTTCCGTATTTTCCGTGGTGTCACTGTGAGTAAATTGTAGCGTTTAAGGCAAGTTTGTCTGGAATACCTTAGCATGGAATGGAATTTGCTGTCTCTATCTATGTCTTTTTGATAGATTGGGACTTGGATTAAAAGAAGTAGTTGGGGGCATTCGTATTTCAAAGTTAGAGGTAAAATTCTTAGATCTTTGTAGGACGTACATTTGCGA	0	0	0	7	0	0	0	0
Eukaryota	Opisthokonta	Fungi	Basidiomycota	Agaricomycotina	Agaricomycetes	Tylospora	Tylospora_asterophora	100	67	39	18	18	5	1	1	OTU_02042	AAGTTGTTGCAGTTAAAACGCTCGTAGTTGGACTTCGGGCATCAGGGCTCTGGTCGGTAGAAATGCCGCACTGGGGTGACTGGTGTCTTACCTCCGTTGGCGGAGGCATGTTCTTGACTGAGTGTGCCTTCGTCCCGGACTCGGTTACTTTGACGAAATTAGAGTGCTCAAAGCAGGCATGTTCGCCTGAATACATTAGCATGGAATAACACAATAGGACAGTGGCCCTATTTTGTTGGTTTTAGGACCGCCGTAATGATTAATAGGGACAGTTGGGGGCATTAGTATTCGGTAGTCAGAGGTGAAATTCTTGGATTTACCGAAGACTAACTAGTGCGA	0	6	0	0	0	0	0	0
Eukaryota	Opisthokonta	Mesomycetozoa	Ichthyosporea	Ichthyosphonida	Ichthyophonidae_Eccrinales	Enterobryus	Enterobryus_oxidi	100	47	26	26	26	26	9	9	OTU_02043	AAGTTGTTGCAGTTGAAACGTTCGTAGTCTGAATTCGGGGGGTGGCCGGGGGTCCGCGCTTGGCGTGAGTACTTCCTACCGCTCCTCTCGGGCGAAGTGCCCCGTGCGACTTTATTGCCGTGCGGTGACTTCTTCGCCAACTTACTTTGAGAAAATTAGAGTGTTCAAAGCAAACCAATCGTTTGAATATACTAGCATGGAATAACTGAATAGGATATTGGTCTTATTTTCAGTTGGTTCTTTTGGCCGATATAATGATTAATAGGGACAGTTGGGGGCATTAATATTTAATTGTCAGAGGTGAAATTCTTCGATTTATGAAAGATTAACTTCTGCGA	0	6	0	0	0	0	0	0
Eukaryota	Alveolata	Dinoflagellata	Dinophyceae	Prorocentrales	Prorocentraceae	Prorocentrum	Prorocentrum_nux	100	56	37	31	8	8	8	6	OTU_02050	AAGTTGTTGCGGTTAAAAAGCTCGTAGTTGGATTTCTGTCTGACGACTGCAGTCCACACTCTCGTGTGAGAATCTGTATATGTCGGGCATCTTCCTGAGTGGCGTCGGTGCTATTCATTTAGTGGCGACGTCTGCTCTGGACTTTTACTTTGAGGAAATTAGAGTGTTCCAGGCATGCCTTTGCATTGAATACATTAGCATGGAATAATAAGATATGACTGAGCTGTCGTTTTGTTGGTTCAGCACAGCACAGTAATGATTAATAGGGACAGTTGGGGGCATTCGTATTTATCTGTCAGAGGTGAAATTCTTGGATTAGATAAAGACGAACTACTGCGA	0	0	0	0	6	0	0	0
Eukaryota	Excavata	Discoba	Euglenozoa	Euglenida	Rhabdomonadales	Distigma	Distigma_proteus	100	10	8	8	8	3	3	3	OTU_02053	AAGTTGTTGCGGTTAAAAAGCTCGTAGTTGGATTTCTGTCCAGAACGAGATTGGCTTGCATTCGTGTTTGTTCGTTTTGTAATAGACATCAATTTTTTCCACCTGTTTCTTACTTCACTGTAAGAGATAGAGGAGAGATAATTTACTGTGAGAAAAGTTGAGTGTTCCAGACAGGCTAGTGCCTTGAATATGTTAGCATGGAATAATAAAATAAGACTCCTTTTTTTGTTGGTTGTCAAACAAGGAGGAGTAATGATTAATTGGGATAGCTGGGGGTATTAGTATTCTCTGGCGAGAGGTGAAATTCTATGACCCTGGGAAGACTAACAACTGCGA	0	0	0	0	6	0	0	0
Eukaryota	Amoebozoa	Conosa	Mycetozoa-Myxogastrea	Pelobiontida	Pelomyxidae	Pelomyxa	Pelomyxa_stagnalis	100	37	19	18	14	14	14	13	OTU_02061	AAGTTGATGCAGTTAAAAAGCTCGTAGTCGGAGTTGTTCGAGTTGGGGTAAAACTGGGTTGGTCCGAAAGGATCCAATCCGACCCTCTCGATTCATTTGGTTGTGCAAGGGCAGAGGTGCGCCTCTGATTCCTGCCCTCCATCTTTTACTTTGAGGAAATTAGAGTGTTCAAAACAGGCGTTTCGCCTGTATATTTTAGCATGGGATAATAGAATATGGCATTTTGCTTATATTTTATGGTTTTTAAAAGCATTTATTTGCAATGATTAATGGGAGTCGTTGGGGCTGCCGGTATTACAAAGCTAGAGGTGAAATTCTATGATTTTTGTAGGACCAACAAATGCGA	5	0	0	0	0	0	0	0
Eukaryota	Excavata	Discoba	Euglenozoa	Euglenida	Rhabdomonadales	Distigma	Distigma_elegans	100	14	14	14	13	8	7	6	OTU_02062	AAGTTGTTGCGGTTAAAAAGCTCGTAGTCGAATGTCTGTTGAGGTAAGCGGGTCCGCCCCCTGGGTGTGCATTTTGTTTTTACTTCAATTTTCGTGGGAAACGTTCTGCACTTGATTGTGTGGAGCGGTTGCTGCGACGTTTACCTTGAGGAAATTAGAGTGTTTCAAGCAGGCATTCGCCTTGAATACGTTAGCATGGGATAATACCATGGGACGTCGGTCTCTTTTGTTGGCTTGTGAGAGTGATGAAATTTCAAAGAGGAATAGTTGAGGATCTCTGTATCCAGATGTCAGAGGTGAAATTTTTAGATCTTCTGGCGCCGAGCAGCTGCGA	5	0	0	0	0	0	0	0
Eukaryota	Archaeplastida	Chlorophyta	Chlorophyceae	Chlamydomonadales	Chlamydomonadales_X	Chloromonas	Chloromonas_augustae_var._ellipsoidea	100	7	5	4	2	2	2	2	OTU_02067	AAGTTGTTGCAGTTAAAAAGCTCGTAGTTGAATTTTGGAAAAGCAGAGTCAGAAGGTATCTCATTTTCTTGAGTTATCGTCTAGCTCGTGGTCTTATCTTAAGGCGTCTTTTTGAGTTATAAATAAACTTTGTTTAAGTATAATTTAATAAGACGGGGTTACTGTGAGTAAATTAAAATGTTCAAAGTATGCGTTTGCGTTGAATAGATTAGCATGGAATAACATGGAAAGACTTCAACTTATCCTTGTTGGCTTTGAGGTTTGGAGTGATGATTAACAGGAACAGTCGGGGGCATTCGTACTTCATTGTTAGAGGTGAAATTCTTGGATCTATGAAAGACGAACTTCTGCGA	5	0	0	0	0	0	0	0
Eukaryota	Alveolata	Dinoflagellata	Dinophyceae	Dinophyceae_X	Dinophyceae_XX	Dinophyceae_XXX	Dinophyceae_XXX_sp.	100	37	31	31	17	17	15	15	OTU_02070	AAGTTGTTGCGGTTAAAAAGCTCGTCGTTGGATTTCTGTTGAGGTCGAACAGTGCCGCCCTATGGGTGCGCAACTGGCTCGGCTTCGGCATCTTCTTGGAGAGCGCACCTGCACTTAACTGTGTGGATCATACTTCAAGTCAGTTACTTTGAGGAATTGTGAGTGTTTCAAGCAGGCTTACGCCGTTGAATCCGTTAGCATGGAATAATAGAATAGGACCTCGGTTCTATTTTGTTGGTTTTGAGAGCTGGGGCAGCGATTGATAGGGACGGATGGGGGCGTCCGAACTTTACTGTCAGAGGTGAAATTCTTAGATCGGTCAAAGGCGAACTACTGCGAACG	5	0	0	0	0	0	0	0
Eukaryota	Alveolata	Dinoflagellata	Syndiniales	Dino-Group-II	Dino-Group-II-Clade-10-and-11	Dino-Group-II-Clade-10-and-11_X	Dino-Group-II-Clade-10-and-11_X_sp.	100	30	29	27	27	26	26	26	OTU_02072	AAGTTGCTGCGGTTAAAAAGCTCGTAGTTTGATCGGTGCTGTGCTTGATTGCATGGCTCTGTACTCGCGTCTTTTACTTTGAAGAAAATAGGGTGTTCACAGTAGGCAATTGTCTTGTATATATTAGCATGGGATAATAATCTAGGGTTTCGTGCTCTTTCAGGTGGCTCGAAGAGTGGAAGCAATGGTTAATAGGGGCTGTTGGGGGTCTTCGGATTATCGCGTCAGAGGTGGAATTCTTAGATTGCGCTACGACGCACGAATGCGA	0	5	0	0	0	0	0	0
Eukaryota	Excavata	Discoba	Euglenozoa	Euglenida	Rhabdomonadales	Menoidium	Menoidium_pellucidum	100	16	16	13	13	9	8	8	OTU_02078	ACATTGTTGCAGTTAAAAAGCTCGTAGTTGGATTTCAGTGTGCGGACTTCTTCCTTAGTCAATGACTTTACGGAAATGTCACAATCACTTTCTACCAAGTCCCTTCGCGCTCTTAACTGAGTGGGTTGGCGCATTGGTTCCTTTACTTTGAGAAAAATAGAGTGTTCAAAGCAGGTCATTGCTCTGAATATGCTAGCATGGAATAATACCCATATGACTTCGTCCACCGTTCTGGTTTGCGAGGCACGAAGTAACGATTGATGGAAGCTGGTGGGGGCATAGGTACTTCAAGGCGAGAGGTGAAAATCGTAGACCCTTGGGAGACCAACAGAAGCGA	0	5	0	0	0	0	0	0
Eukaryota	Alveolata	Dinoflagellata	Dinophyceae	Suessiales	Symbiodiniaceae	Effrenium	Effrenium_voratum	100	77	69	64	26	18	18	5	OTU_02089	AAGTTGTTGCGGTTAAAAAGCTCGTAGTTGGATTTCTGTCTGACCGTCCAGTCCACACCACGTGTGAGAATCTGGAGGCGTCGGGCATCTTCCTGAGGAACGTGACTGCTATTAATTTAGTGGTCTCGGAACTCTGGACTTTTACTTTGAGGAAATTAGAGTGTTCCAGGCATGCATTTGCATTGAATACATTAGCATGGAATAATGAGATAGGACTTGTGTGCTATTTGTTGGTTTGTAGTGCGCAAGTAATGATTAATAGGGATAGTTGGGGGCATTCGTATTTAACTGTCAGAGGTGAAATTCTTGGATTTGTTAAAGACGAACTGCTGCGA	0	0	0	0	5	0	0	0
Eukaryota	Archaeplastida	Streptophyta	Zygnemophyceae	Zygnemophyceae_X	Zygnemophyceae_XX	Xanthidium	Xanthidium_canadense	100	24	10	6	6	6	6	6	OTU_02094	AAGTTGCTGCAGTTAAAAAGCTCGTAGTTGAATTTATGAAGATGTCTCTAGTCAAGACTTTAACGTTTTGGTCTAGTAAGCTTCTTTACTAAGTACTACATTTTCATGAAACGTTTTATACCCTTCGTGTTTCTTATGTAGTAGGGTTACTGTGAGTAAATTAAAATGTTCAAAGTAGGCGGTCGCTGTGAATATATTAGCATGGAATAACATTATAGTACTTCTTTCTATTTTGCTGACCTGTTAGATGGGAGTAACGATTAATAGGGACAGTTGGGGGCATTCGTATTTCATTGTCAGAGGTGAAATTCTTAGATTGATGAAAGACGAACTACTGCGA	0	0	0	0	5	0	0	0
Eukaryota	Rhizaria	Foraminifera	Monothalamids	Monothalamids_Clade-Y	Reticulomyxidae	Haplomyxa	Haplomyxa_saranae	100	20	20	15	13	10	10	10	OTU_02101	ACATTGTTGCAATTAAAAAGCTCGTAGTTGGATTTTCGGTTGGTATAATATGGTCTTTGCTTTGCAATTGTACTTTTTAATATCAGCTCTCCGACCGAAGTTTACTCAGTTTCGATTGAGTGAAATTTGGTCCACTTACTTTGAGAAAATTAGAGTGTTCAAAGCAGACTTTACGTTTGAATACATTAGCATGGAATAACAAAATAGGACTTTGGTTTTTATTTTGTTGGTTTAAGAGACCAAAGTAATGATTAATAGGGTCAGTTGGGGGCATTTGTATTTTCCAGCCAGAGGTGAAATTCTTAGACTTGGAAAGGACAGACTTCTGCGA	0	0	0	0	5	0	0	0
Eukaryota	Opisthokonta	Fungi	Cryptomycota	Cryptomycotina	Cryptomycotina_X	Cryptomycotina_XX	Cryptomycotina_XX_sp.	100	80	62	18	18	18	18	18	OTU_02107	AAGTTGTTGCAGTTAAAAAGCTCGTAGTCGAATTTCGGAGGAGAGCGCCCGGTCTCGGTTCTGCCGTGTACTGGGCCGCTCGAATCTTTCTTCTGGGGAAGCGAGGTGCCCTTCACTGGGTGCCTCGGGGAACCAGGACGATTACCTTGAGAAAAATAGAGTGTTCAAAGCAGGCTTTTGCTTGAATACGTTAGCATGGAATAATAAAATAGGACTTTGGTTCTATTTTGTTGGTTTTAAGGACCAATGTCATGGTGAATAGGGACAGTTGGGGGCATTCGTATTTCGGAGCTAGAGGTGAAATTCTTGGATTTCCGGAAGACGAACTACTGCGA	0	4	0	0	0	0	0	0
Eukaryota	Amoebozoa	Lobosa	Lobosa_X	Himatismenida	Parvamoebidae	Parvamoeba	Parvamoeba_sp.	100	78	70	68	67	67	67	67	OTU_02108	AAGTTGCTGCAGTTAAAACGCTCGTAGTTGTGGTTGAGTGGAGGCGTTGGGTTGTTTGCGAAAGCAAGCGGTTCAACACCCCCACAATATCTTGGAGTGAATTTTAACTAATTCATTCCTAGTAAACCTTGAAGAAATATTAACGCTTAAAATTGGTCTTACGACCAAATTCTTTTTGCATGGGATTTTAGAATATGAGAGGCGCCGTCAAACGTGCTTCTAATGACATTTGAGGAAGAAAGAGGTGGTTAATACTAGGACGTCAGAGGTGAAATTCTTGGATTGTCCTATGATTAACTGATGCGA	0	4	0	0	0	0	0	0
Eukaryota	Alveolata	Dinoflagellata	Dinophyceae	Peridiniales	Thoracosphaeraceae	Tintinnophagus	Tintinnophagus_acutus	100	14	8	6	1	0	0	0	OTU_02109	AATTTGTTGCGGTTAAAAAGCTCGTAGTTGGATTTCAGCTATTGTTCGGCGTGAATTCTTTCAAAGGAGTTCTTGTCGAGCGAAGCCGTTTTGTTGGTAGTAGTAACGCCTTAAGTGGTGTCACTAGAATCGACGAGTTTACTTTGAAGAAAATAGAGTTTTTCAAGCAGGCTAACGCTGTGAATACAGTAGCATGGAATAATAAGATACGACTCCTGTTGTATGTTGTTGGTTCCAGCAGTTGAGAGTAATGATTGATAGGGACAATCGGGGACATTCGTATTTAACTGTTAGAGGTGAAATTCTTGGATTAGTTAAAGACGGTCTATTGCCAAAG	0	4	0	0	0	0	0	0
Eukaryota	Opisthokonta	Fungi	Cryptomycota	Cryptomycotina	Cryptomycotina_X	Cryptomycotina_XX	Cryptomycotina_XX_sp.	100	76	50	42	42	42	42	42	OTU_02111	ATGTTGTTGCAGTTAAAAAGCTCGTAGTTGAATGTAAGGTGCGGCGGTGTGGTGCGCTTCGGTGCTACTGTGCCGCTATAGCGCCTAGAATGCGGCGCGCAGTGCAGCAATGTGCTGGCAGCCCGCGAGTTACTGTGAGGAAATTAGAGTGTTTAAAGCAGGCGTTTGCTTGAATACTGCAGCATGGAATAACGAGTAGGACTCCGGTTCTGCTTTGTTGGTTTGAGGGCCAGAGTAATGGTTAATAGGAACAGTTGGGGGCATTAGTATTCAGTAGTCAGAGGTGAAATTCTTGGATTTACTGAAGACTGACTAGTGCGA	0	4	0	0	0	0	0	0
Eukaryota	Hacrobia	Picozoa	Picozoa_X	Picozoa_XX	Picozoa_XXX	Picomonas	Picomonas_judraskeda	100	52	52	52	52	52	52	52	OTU_02117	AAGTTGTTGCAGTTAAAAGGCTCGTAGTTGGATTTCTGGCGGGGACCCAAGTACCCCTGCAGGGTGTGCTCGGGCCCGGCCATCCTTCTGTCAACCCTCACGGTCGTTTACTCGTCCGAGTTGGTGATCAGATAATTTACCTTGAGAAAATTAGAGTGTTTCAGGCAGGCTTAGCCGGAATACATTAGCATGGAATAATAGAATAGGACTTTGGTTCTATTTTGTTGGTTTCTAGGACCGAAGTAATGATAAATAGGGACAGTTGGGGGCATTCATATTCCATTGTCAGAGGTGAAATTCTTGGATTAACGGAAGATGAACTTCTGCGA	0	4	0	0	0	0	0	0
Eukaryota	Excavata	Discoba	Euglenozoa	Euglenida	Rhabdomonadales	Distigma	Distigma_elegans	100	18	17	13	13	11	10	10	OTU_02125	AATTTGTTGCAGTTGAAAAGCTCGTAGTTGAATTTCTGGCCGTTTGTCGTTTGTTTGTTTGGAGCAATCCAGGCAGATTGGGCGATGGCGGTCATCTTGTTTCTTCTTTGAAGAAACTCAGTCACTGAGAGTAAATTGGAATGCTTAAAGTAGGTCTGACGACTTTGAACATTCAAGCTTGGGATGACAAACACGACAAGAGCGACTTTGTTGGTTAATCACTCCTGTAATGATTAAAAGGAACAGTTTGCGGGGTGACTTGTATTGGACAGCTAGAGGTGAAATTCTTAGATTTGTTCAAGACAAACGACTGCGA	0	0	0	4	0	0	0	0
Eukaryota	Rhizaria	Foraminifera	Globothalamea	Robertinida	Robertinidae	Robertina	Robertina_arctica	100	14	14	12	11	11	11	11	OTU_02135	ACGTAACGCGTCCAAAAATATTACTTGCGAAGCAAGGATCTGGACTTTTTGCGGGAAATGGTGGGAGAAAATTCGGTCCACTCCTCTTGCAGTGATAGCGGCTATTGCTATAAATCCTTATTGTTCTTCTTTTCTTCGAGGGCTACGCAAATGAGCGCGTGCACGGATGCAAAGCTATTCGGCATGTAAGGCCTCAAGTATTGCGCTGCAGATGCGGTAATCACGCTGGA	0	0	0	0	4	0	0	0
Eukaryota	Rhizaria	Foraminifera	Monothalamids	Monothalamids_Clade-C	Monothalamids_Clade-C_X	Shinkaiya	Shinkaiya_lindsayi	100	17	17	17	15	15	15	15	OTU_02152	AAGTTGTTGCGGTTGAAAAGCTCGTAGTTGAACATTGGTCAGGTGAGACCTTTTCACTTCATGTGAAAAGTTGTTTTCTGGCAAGCTGAAATATGTGGTGCGCTTTGGTGCTACCGGGCTTTCAGATGGATTACTTTGAGGAAATTAAAGTGTTCTAGGCAAGTATTTGGCTTTGAATATGATAGCATGGAATAATGATTTATGGCCTTATGCCATTTTGGTTGACAGGTATAGGCAATGATTAATAGGGACAGTGGAGGGCATTCGTACTTAATTGTTAGAGGTGAAATTCTTGGATTTTTTAAAGACGGTCTAGTGCGA	3	0	0	0	0	0	0	0
Eukaryota	Rhizaria	Cercozoa	Filosa-Thecofilosea	Cryomonadida	Protaspa-lineage	Protaspa	Protaspa_grandis	100	69	69	69	69	69	69	69	OTU_02155	AAGTTGTTGCAGTTAAAAAGCTCGTAGTTGGATTTCTGGTACAATGCGCCTGGCCCGCGGCGGTTACGCCTGTGAGTGCCGGTGCGCGTTTGCCATCCTTCTAGAAAACGTTTCTACCCTTAACTGGGCCGGGCTCGCGATCTAGATCCTTTACTTTGAGGAAATTAGAGTGTTTCAAGCAGGCATTTGCCTTGAATACATTAGCATGGAATAATAAGATAGGACCTCGTCCCTACCTTGTTGGTTCGTATGGATGAGGTAATGATTAATAGGGATAGTCGGGGGCATTCGTACTTAACTGTCAGAGGTGAAATTCTTGGATTTGTTAAAGACGGACTACTGCGA	3	0	0	0	0	0	0	0
Eukaryota	Excavata	Discoba	Heterolobosea	Heterolobosea_X	Heterolobosea_XX	Euplaesiobystra	Euplaesiobystra_hypersalinica	100	76	76	73	73	73	73	73	OTU_02157	ATATTGCTGCAGTTAAAACGCTCGTAGTCTATAAAAAGTCCTAGTGTGTGTGCCGTGTAGCCCTTCGGGGAGCATCTGCTTTCTGCTGTTGTGTCTTCCCTAATGGGTCGATGCATCAGTAGAACATCACGGTAGCATACACCAAGGCATATCGATCGTGAACAAATCAATGTGATCCAAGCAGGCATTGCATTCAAAAGCTCGAATATATTAGCATGAAACCGAATATATAAGCTGTTGCACTCGTGCAGCAGTTGATTATATAATAGGAGGCTGAAATACGATACTGGTATTGCTGGCGCAGAGGTGAAATTCCGACATTCTAGCAAGACCACCTGAAGCGAAAGCT	0	3	0	0	0	0	0	0
Eukaryota	Opisthokonta	Fungi	Chytridiomycota	Chytridiomycotina	Chytridiomycetes	Rhizophydium	Rhizophydium_chlorogonii	100	53	34	15	15	15	7	5	OTU_02158	AAGTTGTTGCAGTTAAAACGCTCGTAGTTGAGTTTGGTTCAGAGGTTGAAGGGCGTTAGTCCTTTGAGCTCGAGCCTTATTTGGGGGAAGGGTTCTTTGAACCAGGCCTCTCGGGTTACTGTGAAGAAATTAGAGTGTTTAAAGCAGGCTTACGCTTGAATACATCAGCATGGAATAACAAGAACGGATTCGCCGCCTTGTTGGTTGGGCATACAAATCACGATTAATAGGGCCAGTTGGGGGCATTAGTATTTAGCAGTCAGAGGTGAAATTCTTGGATTTGCTAAAGACTAACTAGTGCGA	0	3	0	0	0	0	0	0
Eukaryota	Alveolata	Dinoflagellata	Syndiniales	Dino-Group-II	Dino-Group-II-Clade-46	Dino-Group-II-Clade-46_X	Dino-Group-II-Clade-46_X_sp.	100	55	46	31	30	13	13	13	OTU_02160	AAGTTGTTGCGGTTAAAAAGCTCGTAGTTGGATTTCTGTTTGGAACCGCCGGTCCACGTTTTGCGTGAGTATCTGGTCGGGTCTAAGCATCCTCACAAGAGATAGTTTTGCGCTTAGGTGCGTGATCTAGAGCTTGTGACTTTTACTTTGAGGAAATTAGAGTGTTCATGGCAGGCATACGCCTTGAATATATTAGCATGGAATAATAATATAGGATTTTGATTCTATTTTGTTGGTTTCTAGAGTCAAAATAATGATTAATAGGGACAATTGGGGTGATTTGTACTAATGCGTCAGAGGTGAAATTCTTGGATTGCATTATGACAAACTACTGCGA	0	3	0	0	0	0	0	0
Eukaryota	Stramenopiles	Opalozoa	Bicoecea	Pseudodendromonadales	Pseudodendromonadales_X	Siluania	Siluania_monomastiga	100	24	3	3	3	3	2	2	OTU_02163	AAGTTGTTGCAGTTAAAAAGCTCGTAGTTGAATTTCTGGGGGGCATGTTGGGACCGCTTGATTGCGCGTCCTTGACAAACTCTCCATCCTTGTAGGGAGCATGTCGGCCTTGATTGGTTCGGCGTGTCGACCTGCATCATTTACTGTGAAAAAATTAGAGTGTTTAAAGCAGGCTATCGCTTGAATACATTAGCATGGAATAACGAGATAGGACATTTGGTCTATTTTGTTGGTTGCGACCAAACGTAATGATTAATGGCGACGGTTGGGGGCCTTTGTATTGAGGTGGAAGAGGTGAAATTCTTGGATTTCCTCAAGACAAACTACTGCGAAAG	0	3	0	0	0	0	0	0
Eukaryota	Hacrobia	Picozoa	Picozoa_X	Picozoa_XX	Picozoa_XXX	Picomonas	Picomonas_judraskeda	100	45	45	45	45	45	42	42	OTU_02167	AAGTTGTTGCAGTTAAAAAGCTCGTAGTCGGATTTTGGCATCACGCCGCACTGTCTGCCGATTGGTAAGTACGGTTTGGCGGGTGCTTCCTTCCGGTGCTGCGTTCTGCTCTTAGTTGAGCGGTTCGTTGGTTCCGGTTCGTTTACTGTGAAAAAATTAGAGTGTTCAAAGCAGGCTTATGCCGTTGAATACATTAGCATGGAATAATAAGATAGGACCTTGGTACTATTTTGTTGGTTTGCGTACCTAGGTAATGATTAATAGGGACAGTTGGGGATATTACTATTTCGTTGTCAGAGGTGAAATTCTTGGATTTACGAAAGAGTAACTACTGCGA	0	3	0	0	0	0	0	0
Eukaryota	Hacrobia	Centroheliozoa	Centroheliozoa_X	Pterocystida	Pterocystidae	Raineriophrys	Raineriophrys_erinaceoides	100	70	69	69	69	46	37	17	OTU_02179	AAGTTGTTGCAGTTAAAAAGCTCGTAGTTGGATTTCTGGCGGGGGTCCGGGTCGGCCTTAACGGGTTGCACTGTTGTGACGTCTCGCCGTTTCGAGGGGAATGGGCTCGCTATTAGGTTAGTGTGTTCGGGAACCTCGTCGTTTACTGAGAAAAATAGAGTGTTCAAAGCAGGCGTTTGCCTTGAATACATTAGCATGGGATAATGAAATAGGACGTTGGTTCTATTTTGATGGTTTACGGACCGACGTAATGATTAATAGGGACAGTTGGGGACATTTATATTCCATGGCTAGAGGTGAAATTCTTGGATTCATGGAAGATAAACTACTGCGA	0	0	3	0	0	0	0	0
Eukaryota	Alveolata	Ciliophora	Nassophorea	Nassophorea_X	Discotrichidae	Discotricha	Discotricha_papillifera	100	39	38	24	24	24	21	21	OTU_02192	AAGTTGTTGCAGTTAAAAAGCTCGTAGTCGGATTTTGGCTGAGAGCGAACGGTCCGCCGTTAGGTGTGCACTGTTTGGTCTCAGCTTCCTGGTGAGGAGGTGTGCTTCACGGCCACTTAGTCACCGTGGTTACTTTGAAAAAATTAGAGTGTTTCAAGCAGGCTCTTGCTGGAATACATTAGCATGGAATAATAGAAAAGGACCTTAGTACGTCACTTTATTGGTACTATGACACTAGGTAATGATTAACAGGGACAGTTGGGGGCATTAGTATTATTTCAGAAGAGGTGAAATTCATTGATTGAGATGAGACTAACTTATGCGA	0	0	0	0	3	0	0	0
Eukaryota	Hacrobia	Cryptophyta	Cryptophyceae	Pyrenomonadales	Pyrenomonadaceae	Rhodomonas	Rhodomonas_minuta	100	61	61	61	44	44	44	44	OTU_02200	AAGTTGTTGCAGTTAAAAAGCTCGTAGTCGGATGTCGGGCTCGGGCAAGCTGTCGGCCTCTGGTCGGACGGCAGGCTCGGGTCTTTCTGCCTGAGGAACCCGGTAGCTTTCGGGCTGCCGGTGGACGCAGGTCGTTTACTTTGAGGAAATTAGAGTGTTTCAAGCAGGCATACGCCTTGAATACATTAGCATGGAATAATAAGATAGGACCTCGGTTCTATTTTGTTGGTTTCTAGAGCTGAGGTAATGATTAATAGGGATAGTTGGGGGCATTCGTATTTAACTGTCAGAGGTGAAATTCTTGGATTTGTTAAAGACGGACTACTGCGA	0	0	0	0	3	0	0	0
Eukaryota	Hacrobia	Picozoa	Picozoa_X	Picozoa_XX	Picozoa_XXX	Picomonas	Picomonas_judraskeda	100	42	42	42	42	42	40	40	OTU_02205	AAGTTGTTGCAGTTAAAAAGCTCGTAGTCGGATTTTGGCATCACGCCGCACTGTCTGCCGATTAGTAAGTACGGTTTGGCGGGTGCTTCCTTCCGGTGCTGCGTTCTGCTCTTAATTGAGCGGTTCGTTGGTTCCGGTTCTTTTACTTTGAGAAAATTAGAGTGTTTAAAGCAGGCCTTCGCCTTGAATACATTAGCATGGAATAATAAGATAGGACTTGGGTCTATTTTGTTGGTTTGCAGACCGAAGTAATGATTAATAGGGATAGTTGGGGGTATTTATATTCCGATGTCAGAGGTGAAATTCTTAGATTTTCGGAAGATAAACTTATGCGA	0	0	0	0	0	0	0	3
Eukaryota	Alveolata	Dinoflagellata	Syndiniales	Dino-Group-II	Dino-Group-II-Clade-36	Dino-Group-II-Clade-36_X	Dino-Group-II-Clade-36_X_sp.	100	43	31	30	30	22	22	22	OTU_02217	AAGTTGTTGCAGTTAAAAAGCTCGTAGTTGAATTTCTAAGGATTGAAGTCGCCTCATGGCTTGTATTGATATCCTTATCCGCTTTGATTTAGCAATACGCACTTTGTTGGGCGATTGTGTAATCAAGCAATTTACTTTGAAAAAATTAGAGTGTTCACGGCAGGCATACGCTTTGAATATATTAGCATGGAATAATGAGATAGGACCAGTTTCCTATTTTGTTGGTTTCTAGGAATCAGGTAATGGTTAATAGGGATAATTGGGGGCATTCGTATGAAGATGTCAGAGGTGGAATTCTTGGATTATCTTCCGACGAACTACTGCGA	2	0	0	0	0	0	0	0
Eukaryota	Opisthokonta	Metazoa	Cnidaria	Cnidaria_X	Hydrozoa	Agalma	Agalma_clausi	100	60	60	60	60	60	24	10	OTU_02219	AAGTTGTTGCGGTTAAAAAGCTCGTAGTTGGATTTCTGCCGAGGACGACCGGTCCGCCCATTGGGTGAGTATCTGGTTCGGCCTGGGCATCTTCTTGGAGAACGTAGCTGCACTTGACTGTGTGGTACGGTATCCAGGACTTTTACTTTGAAAAAATTAGAGTGTTCAAAGCAGGCTATTGCTTGAATACATGAGCATGGAATAATGGAATAGGACTTTGGTCCCATTTTGTTGGTTTCTAGGGCCGAAGTAATGATTAAGAGGGACAATTGGGGGCATCCGTATTTCGTTGTCAGAGGTGAAATTCTTGGATTTACGAAAGACGAACAACTGCGA	2	0	0	0	0	0	0	0
Eukaryota	Alveolata	Dinoflagellata	Syndiniales	Dino-Group-I	Dino-Group-I-Clade-5	Dino-Group-I-Clade-5_X	Dino-Group-I-Clade-5_X_sp.	100	66	65	63	63	63	63	63	OTU_02225	AAGTTGTTGCGGTTAAAAAGCTCGTAGTTGGGTTTCTGTCGGTGAGTGGCAGTCCGGCCTCCGTGCTCGGTACTTGTAACGCCACCGACATCTTCCTGGGGAATGTGTCTGCTCTTCGTTGGGTGGTTCATGATCCAGGACTTTTACTTTGAAGAAATAGGAGTGTTTCAAGCAGGCGCACGCCGTGAACACGTTAGCATGGAATAATAGCATCGGATCTCGTTCCTAAGCTGTTGGTTTCTTGGACCGAGATAAAGGCAAATAGGGATTGTTGGGGGCATTCATATTCCATTGTCAGAGGTGAAATTCTTGGATTAACGGAAGATGAACTTCTGCGA	0	2	0	0	0	0	0	0
Eukaryota	Alveolata	Dinoflagellata	Syndiniales	Dino-Group-II	Dino-Group-II-Clade-10-and-11	Dino-Group-II-Clade-10-and-11_X	Dino-Group-II-Clade-10-and-11_X_sp.	100	72	68	66	66	63	63	63	OTU_02227	AAGTTGTTGCGGTTAAAAAGCTCGTAGTTGGATTTCTGTCGAGGACGGTCGGTCCACACTTTGTGTGAGTATCTGATTCGGCCTTGGCATCCTCCTGGGGTACGTTTCTGCGCTTGATTGCATGGCTCTGTACTCGCGTCTTTTACTTAGAAGAAAATAGGGTGTTCACAGTAGGCAATTGTCTTGTATATATTAGCATGGGATAATAATCTAGGGTTTCGTGCTCTTTCAGGTGGCTCGAAGAGTGGAAGCAATGGTTAATAGGGGCTGTTGGGGGTCTTCGGATTATCGCGTCAGAGGTGGAATTCTTAGATTGCGCTACGACGCACGAATGCGA	0	2	0	0	0	0	0	0
Eukaryota	Alveolata	Dinoflagellata	Syndiniales	Dino-Group-II	Dino-Group-II-Clade-8	Dino-Group-II-Clade-8_X	Dino-Group-II-Clade-8_X_sp.	100	73	71	60	60	39	39	39	OTU_02233	AAGTTGTTGCAGTTAAAAAGCTCGTAGTTGGATTTCTGTCTCTTTTGGGATGCGGTCCGCCCTTCATGGGTGAGCACTGTTATCCTGGGGACATCCTCTCAAAGGCGTTATGGTGCACTTAGTTGTGAGCTTAATGAATTTGGGATCTTTACTTTGAGGAAATTAGAGTGTTCACGGCAGGCAAACGCCTTGAATACATTAGCATGGAATAATAATATAGGACCTTGGTCCCATTTTGTTGGTTTCTGGAACTGAGGTAATGATTAATAGGGATAATTGGGGGCATTCGTATTAACGTGTCAGAGGTGGAATTCTTGGATTACGTTACGACGAACTACTGCGA	0	2	0	0	0	0	0	0
Eukaryota	Hacrobia	Picozoa	Picozoa_X	Picozoa_XX	Picozoa_XXX	Picomonas	Picomonas_judraskeda	100	64	64	64	64	64	64	64	OTU_02235	AAGTTGTTGCAGTTAAAAGGCTCGTAGTTGGATTTCGGTTAAGAGCGACCGGTCCGCCGTTTGGTGTGCACTGGTTGGTTTTAACTTCCTGTAGAGGACGTGCTCTGGGCTTAACGGTCTGGACTCGGAGTCTACGTGGTTACTTTGAAAAAATTAGAGTGTTCAAAGCAGGCCTATGCTCTGAATAGGTTAGCATGGAATAATAGAATAGGACTTTGGTTCTATTTTGTTGGTTTCTAGGACCGAAGTAATGATAAATAGGGACAGTTGGGGGCATTCATATTCCATTGTCAGAGGTGAAATTCTTGGATTAACGGAAGATGAACTTCTGCGA	0	2	0	0	0	0	0	0
Eukaryota	Alveolata	Dinoflagellata	Syndiniales	Dino-Group-II	Dino-Group-II-Clade-10-and-11	Dino-Group-II-Clade-10-and-11_X	Dino-Group-II-Clade-10-and-11_X_sp.	100	29	24	24	24	24	24	24	OTU_02236	AAGTTGCTGCGGTTAAAAAGCTCGTAGTTTGATATCTGTCAATGCTTTTCGGTCTGCTCTTTGAGATGGATTATGCATTCGCTTTGGCGTCTACGCGTGAATCGGTGCTGTGCTTGATTGCCGCGTAGATCGGTGCTGTGCTTGATTGCATGGCTCTGTACTCGCGTCTTTTACTTTGAAGAAAATAGGGTGTTCACAGTAGGCAATTGTCTTGTATATATTAGCATGGGATAATAATCTAGGGTTTCGTGCTCTTTCAGGTGGCTCGAAGAGTGGAAGCAATGGTTAATAGGGGCTGTTGGGGGTCTTCGGATTATCGCGTCAGAGGTGGAATTCTTAGATTGCGCTACGACGCACGAATGCGA	0	2	0	0	0	0	0	0
Eukaryota	Hacrobia	Picozoa	Picozoa_X	Picozoa_XX	Picozoa_XXX	Picomonas	Picomonas_judraskeda	100	66	66	66	66	66	66	66	OTU_02242	AAGTTGTTGCAGTTAAAAGGCTCGTAGTTGGATTTCGGTTAAGAGCGACCGGTCCGCCGTTTGGTGTGCACTGGTTGGTTTTAACTTCCTGTAGAGGACGTGCTCTGGGCTTAACGGTCTGGACTCGGAGTCTACGTGGTTACTTTGAAAAAATTAGAGTGTTCAAAGCAGGCCTATGCTCTGAATAGGTTAGCATGGAATAATAGAATAGGACTTTGGTTCTATTTTGTTGGTTTCTAGGACCGAAGTAATGATTAATAGGGACAGTTGGGGGCATTCATATTCCATTGTCAGAGGTGAAATTCTTGGATTAACGGAAGATGAACTTCTGCGA	0	2	0	0	0	0	0	0
Eukaryota	Archaeplastida	Chlorophyta	Mamiellophyceae	Mamiellales	Mamiellaceae	Mantoniella	Mantoniella_baffinensis_nom_nud	100	63	63	63	54	54	51	14	OTU_02250	AAGTTGTTGCAGTTAAAAAGCTTGTAGTTGGAGTTCAGGGTGAGCTCAGCTGGTCGGCCTAATGGGTCAGAACTGGTTGACTCTCCCTTGGTTGTGGATCCCTCCGGAGTTAACTCTTCGGGTGTGGAGTCCACATCGTTTGCCTTGAAAAAATTAGAGTGTTCAAAGCGGGCTTACGCTTGAATATTTCAGCATGGAATAACACTATAGGACTCCTGTCCTATTTCGTTGGTCTCGGGACGGGAGTAATGATTAAGAGGAACAGTTGGGGGCATTCGTATTTCATTGTCAGAGGTGAAATTCTTGGATTTATGAAAGACGAACTTCTGCGA	0	0	0	2	0	0	0	0
Eukaryota	Alveolata	Ciliophora	Spirotrichea	Strombidiida	Tontoniidae_A	Spirotontonia	Spirotontonia_sp.	100	58	58	58	58	58	58	51	OTU_02253	ATGTTGTTGCAGTTAAAAAGCTCGTAGTTGGATTTCTGCAGGAGTGCCAATGTCCGACCACGTTCGTGTGCAGCGGCGCCCCTGCATCCTTCGGTTACCTCCGCTCGGCATTCACTTGCCGGCGGTTGGCTCCGAATATTTACCTCGAAAAAATTAGAGTGTTCAAAGCGGGCTTACGCTTGAATATTTCAGCATGGAATAACACTATAGGACTCCTGTCCTATTTCGTTGGTCTCGGGACGGGAGTAATGATTAAGAGGAACAGTTGGGGGCATTCGTATTTCATTGTCAGAGGTGAAATTCTTGGATTTATGAAAGACGAACTTCTGCGA	0	0	0	0	2	0	0	0
Eukaryota	Rhizaria	Radiolaria	Acantharea	Chaunacanthida	Chaunacanthida_X	Chaunacanthid	Chaunacanthid_217	100	76	76	68	37	37	8	8	OTU_02255	AAGTTGTTGCGGTTAAAAAGCTCGTAGTTGGATTTCTGTCGAGGAAGACCGGTCCGCCCTCTGGGTTGGTATCTGGCTCTGCCTGGGCATCATTTTGGAGAACGTTCTGCACTTCACTGTGTGGGGCGATATCCAAATCATTTACTTTGAGAAAATTAGAGTGTTCAAAGCAGGTAATTTGCCTGAATATTACTCTTGGAATAATAATATAGGACTTCAGTCCTAGTTTGTTGGTGATCTAGGACCGGGGTAATGATTGATAGGGACAGTTGGGGTCATTCATACTGCAAAGCGAGAGGTGGAATTCTTGGACCTTTGTATGATGAACAACCGCGA	0	0	0	0	2	0	0	0
Eukaryota	Rhizaria	Foraminifera	Monothalamids	Monothalamids_Clade-C	Monothalamids_Clade-C_X	Shinkaiya	Shinkaiya_lindsayi	100	14	9	8	3	3	3	3	OTU_02257	GAATTGTTGTAGTTAAAACGCTCGTAGTTGGATTTTGTAAGAGTTTTGTGTGTGTCGGTTGCGTATATATTCGTATATTCGTGATTCTTCATGCCACTTTTATACTGATTGTGGATAATTTTCGGATTATTTGCAATATTACTGTGAGAAAAAGAGTGCGCTTAAGGGCGGCTTTATGCTAAGATCATTTAGCATGGAATAAACATAACGGACTTTGGTTTTGTTATGTGTTGGTTCAATATCAAGTCATGATTGATAAGGATGGTTTGGGGATGTTCGTATTTATACTCGAGGGGTGAAATCTTTTGACAGTATAAGGACGATCTTTAGCAAAAG	0	0	0	0	2	0	0	0
